split,label,group,path
train,0,roboflow:01022021042511402405_ONEU031853:04,data/processed/chars/0/01022021042511402405_ONEU031853_jpg.rf.ea5a8472a14e5f3fcb3c73872f0bb0ce__04.png
train,0,0:legacy_072,data/processed/chars/0/legacy_072_base.png
train,0,0:legacy_072,data/processed/chars/0/legacy_072_blur.png
train,0,0:legacy_072,data/processed/chars/0/legacy_072_dilate.png
train,0,0:legacy_072,data/processed/chars/0/legacy_072_erode.png
train,0,0:legacy_072,data/processed/chars/0/legacy_072_rot+5.png
train,0,0:legacy_072,data/processed/chars/0/legacy_072_rot-5.png
train,0,0:legacy_104,data/processed/chars/0/legacy_104_base.png
train,0,0:legacy_104,data/processed/chars/0/legacy_104_blur.png
train,0,0:legacy_104,data/processed/chars/0/legacy_104_dilate.png
train,0,0:legacy_104,data/processed/chars/0/legacy_104_erode.png
train,0,0:legacy_104,data/processed/chars/0/legacy_104_rot+5.png
train,0,0:legacy_104,data/processed/chars/0/legacy_104_rot-5.png
train,0,0:legacy_136,data/processed/chars/0/legacy_136_base.png
train,0,0:legacy_136,data/processed/chars/0/legacy_136_blur.png
train,0,0:legacy_136,data/processed/chars/0/legacy_136_dilate.png
train,0,0:legacy_136,data/processed/chars/0/legacy_136_erode.png
train,0,0:legacy_136,data/processed/chars/0/legacy_136_rot+5.png
train,0,0:legacy_136,data/processed/chars/0/legacy_136_rot-5.png
train,1,roboflow:01012021050111264805_EMCU981331:06,data/processed/chars/1/01012021050111264805_EMCU981331_jpg.rf.a365d71980c70b9836741a1907a5e3cd__06.png
train,1,roboflow:01012021050111264805_EMCU981331:09,data/processed/chars/1/01012021050111264805_EMCU981331_jpg.rf.a365d71980c70b9836741a1907a5e3cd__09.png
train,1,roboflow:01012021050111264805_EMCU981331:06,data/processed/chars/1/01012021050111264805_EMCU981331_jpg.rf.f78de3c40bdbc2a634bc0edc52082014__06.png
train,1,roboflow:01012021050111264805_EMCU981331:09,data/processed/chars/1/01012021050111264805_EMCU981331_jpg.rf.f78de3c40bdbc2a634bc0edc52082014__09.png
train,1,roboflow:01012021050111423105_EGHU956170:07,data/processed/chars/1/01012021050111423105_EGHU956170_jpg.rf.0dabed44e04627931675b94376603c31__07.png
train,1,roboflow:01012021050111423105_EGHU956170:07,data/processed/chars/1/01012021050111423105_EGHU956170_jpg.rf.4723479dc7f2d88c08bd0a0636ef5425__07.png
train,1,roboflow:01012021050111573003_VFU1407:03,data/processed/chars/1/01012021050111573003_VFU1407_jpg.rf.109233b4143ef6871152ce555c1b15fa__03.png
train,1,roboflow:01012021050111573003_VFU1407:03,data/processed/chars/1/01012021050111573003_VFU1407_jpg.rf.20a9b5e12e121a03bfbc0774135f704c__03.png
train,1,roboflow:01012021050111573003_VFU1407:03,data/processed/chars/1/01012021050111573003_VFU1407_jpg.rf.ac33db6812f3f6c6c1fcf6a6d98c693a__03.png
train,1,roboflow:01022021042510261305_GESU617562:05,data/processed/chars/1/01022021042510261305_GESU617562_jpg.rf.d78bebcb061acdb788831d64f6c0b705__05.png
train,1,roboflow:01022021042512123505_MSKU593041:09,data/processed/chars/1/01022021042512123505_MSKU593041_jpg.rf.a0a160c379093456e7913d71d5f8f397__09.png
train,1,roboflow:01022021042512345103_OOCU721691:06,data/processed/chars/1/01022021042512345103_OOCU721691_jpg.rf.2f8eb31378b114e1cd85323d92dfa1fe__06.png
train,1,roboflow:01022021042512345103_OOCU721691:09,data/processed/chars/1/01022021042512345103_OOCU721691_jpg.rf.2f8eb31378b114e1cd85323d92dfa1fe__09.png
train,1,roboflow:01022021042512345505_OOCU721691:06,data/processed/chars/1/01022021042512345505_OOCU721691_jpg.rf.18c2ddd14d88434b3601c921459dd2d8__06.png
train,1,roboflow:01022021042516502503_MEDU180904:04,data/processed/chars/1/01022021042516502503_MEDU180904_jpg.rf.3e7b2663d5746975ba5f546b2c4bc81b__04.png
train,1,roboflow:01022021042517071805_HLBU141868:04,data/processed/chars/1/01022021042517071805_HLBU141868_jpg.rf.9f0e585cd5a725060269b77958660d83__04.png
train,1,roboflow:01022021042517071805_HLBU141868:06,data/processed/chars/1/01022021042517071805_HLBU141868_jpg.rf.9f0e585cd5a725060269b77958660d83__06.png
train,1,roboflow:01022021042517071805_HLBU141868:04,data/processed/chars/1/01022021042517071805_HLBU141868_jpg.rf.be87ce96d4bc66e167ac23ab35dec623__04.png
train,1,roboflow:01022021042517071805_HLBU141868:06,data/processed/chars/1/01022021042517071805_HLBU141868_jpg.rf.be87ce96d4bc66e167ac23ab35dec623__06.png
train,1,1:legacy_028,data/processed/chars/1/legacy_028_base.png
train,1,1:legacy_028,data/processed/chars/1/legacy_028_blur.png
train,1,1:legacy_028,data/processed/chars/1/legacy_028_dilate.png
train,1,1:legacy_028,data/processed/chars/1/legacy_028_erode.png
train,1,1:legacy_028,data/processed/chars/1/legacy_028_rot+5.png
train,1,1:legacy_028,data/processed/chars/1/legacy_028_rot-5.png
train,1,1:legacy_092,data/processed/chars/1/legacy_092_base.png
train,1,1:legacy_092,data/processed/chars/1/legacy_092_blur.png
train,1,1:legacy_092,data/processed/chars/1/legacy_092_dilate.png
train,1,1:legacy_092,data/processed/chars/1/legacy_092_erode.png
train,1,1:legacy_092,data/processed/chars/1/legacy_092_rot+5.png
train,1,1:legacy_092,data/processed/chars/1/legacy_092_rot-5.png
train,1,1:legacy_124,data/processed/chars/1/legacy_124_base.png
train,1,1:legacy_124,data/processed/chars/1/legacy_124_blur.png
train,1,1:legacy_124,data/processed/chars/1/legacy_124_dilate.png
train,1,1:legacy_124,data/processed/chars/1/legacy_124_erode.png
train,1,1:legacy_124,data/processed/chars/1/legacy_124_rot+5.png
train,1,1:legacy_124,data/processed/chars/1/legacy_124_rot-5.png
train,2,roboflow:01012021050111565605_KDU5288:04,data/processed/chars/2/01012021050111565605_KDU5288_jpg.rf.17ed8a35c62e1565729bdd6da73d0a96__04.png
train,2,roboflow:01012021050111565605_KDU5288:04,data/processed/chars/2/01012021050111565605_KDU5288_jpg.rf.1d1ff0bd6ee61e492cd7370d621895a5__04.png
train,2,roboflow:01012021050111565605_KDU5288:04,data/processed/chars/2/01012021050111565605_KDU5288_jpg.rf.6e0dc927efc776ba9be7bf2870fefc52__04.png
train,2,roboflow:01012021050111565605_KDU5288:04,data/processed/chars/2/01012021050111565605_KDU5288_jpg.rf.96325e863832db32e0510674c5f95732__04.png
train,2,roboflow:01012021050111565605_KDU5288:04,data/processed/chars/2/01012021050111565605_KDU5288_jpg.rf.d806fe5b8e155ac41f426188daabf70f__04.png
train,2,roboflow:01022021042510261305_GESU617562:09,data/processed/chars/2/01022021042510261305_GESU617562_jpg.rf.d78bebcb061acdb788831d64f6c0b705__09.png
train,2,roboflow:01022021042512345103_OOCU721691:05,data/processed/chars/2/01022021042512345103_OOCU721691_jpg.rf.2f8eb31378b114e1cd85323d92dfa1fe__05.png
train,2,roboflow:01022021042512345505_OOCU721691:05,data/processed/chars/2/01022021042512345505_OOCU721691_jpg.rf.18c2ddd14d88434b3601c921459dd2d8__05.png
train,2,2:legacy_007,data/processed/chars/2/legacy_007_base.png
train,2,2:legacy_007,data/processed/chars/2/legacy_007_blur.png
train,2,2:legacy_007,data/processed/chars/2/legacy_007_dilate.png
train,2,2:legacy_007,data/processed/chars/2/legacy_007_erode.png
train,2,2:legacy_007,data/processed/chars/2/legacy_007_rot+5.png
train,2,2:legacy_007,data/processed/chars/2/legacy_007_rot-5.png
train,2,2:legacy_039,data/processed/chars/2/legacy_039_base.png
train,2,2:legacy_039,data/processed/chars/2/legacy_039_blur.png
train,2,2:legacy_039,data/processed/chars/2/legacy_039_dilate.png
train,2,2:legacy_039,data/processed/chars/2/legacy_039_erode.png
train,2,2:legacy_039,data/processed/chars/2/legacy_039_rot+5.png
train,2,2:legacy_039,data/processed/chars/2/legacy_039_rot-5.png
train,2,2:legacy_071,data/processed/chars/2/legacy_071_base.png
train,2,2:legacy_071,data/processed/chars/2/legacy_071_blur.png
train,2,2:legacy_071,data/processed/chars/2/legacy_071_dilate.png
train,2,2:legacy_071,data/processed/chars/2/legacy_071_erode.png
train,2,2:legacy_071,data/processed/chars/2/legacy_071_rot+5.png
train,2,2:legacy_071,data/processed/chars/2/legacy_071_rot-5.png
train,2,2:legacy_103,data/processed/chars/2/legacy_103_base.png
train,2,2:legacy_103,data/processed/chars/2/legacy_103_blur.png
train,2,2:legacy_103,data/processed/chars/2/legacy_103_dilate.png
train,2,2:legacy_103,data/processed/chars/2/legacy_103_erode.png
train,2,2:legacy_103,data/processed/chars/2/legacy_103_rot+5.png
train,2,2:legacy_103,data/processed/chars/2/legacy_103_rot-5.png
train,2,2:legacy_135,data/processed/chars/2/legacy_135_base.png
train,2,2:legacy_135,data/processed/chars/2/legacy_135_blur.png
train,2,2:legacy_135,data/processed/chars/2/legacy_135_dilate.png
train,2,2:legacy_135,data/processed/chars/2/legacy_135_erode.png
train,2,2:legacy_135,data/processed/chars/2/legacy_135_rot+5.png
train,2,2:legacy_135,data/processed/chars/2/legacy_135_rot-5.png
train,3,roboflow:01012021050111264805_EMCU981331:07,data/processed/chars/3/01012021050111264805_EMCU981331_jpg.rf.a365d71980c70b9836741a1907a5e3cd__07.png
train,3,roboflow:01012021050111264805_EMCU981331:08,data/processed/chars/3/01012021050111264805_EMCU981331_jpg.rf.a365d71980c70b9836741a1907a5e3cd__08.png
train,3,roboflow:01012021050111264805_EMCU981331:07,data/processed/chars/3/01012021050111264805_EMCU981331_jpg.rf.f78de3c40bdbc2a634bc0edc52082014__07.png
train,3,roboflow:01012021050111264805_EMCU981331:08,data/processed/chars/3/01012021050111264805_EMCU981331_jpg.rf.f78de3c40bdbc2a634bc0edc52082014__08.png
train,3,roboflow:01022021042511402405_ONEU031853:05,data/processed/chars/3/01022021042511402405_ONEU031853_jpg.rf.ea5a8472a14e5f3fcb3c73872f0bb0ce__05.png
train,3,3:legacy_038,data/processed/chars/3/legacy_038_base.png
train,3,3:legacy_038,data/processed/chars/3/legacy_038_blur.png
train,3,3:legacy_038,data/processed/chars/3/legacy_038_dilate.png
train,3,3:legacy_038,data/processed/chars/3/legacy_038_erode.png
train,3,3:legacy_038,data/processed/chars/3/legacy_038_rot+5.png
train,3,3:legacy_038,data/processed/chars/3/legacy_038_rot-5.png
train,3,3:legacy_070,data/processed/chars/3/legacy_070_base.png
train,3,3:legacy_070,data/processed/chars/3/legacy_070_blur.png
train,3,3:legacy_070,data/processed/chars/3/legacy_070_dilate.png
train,3,3:legacy_070,data/processed/chars/3/legacy_070_erode.png
train,3,3:legacy_070,data/processed/chars/3/legacy_070_rot+5.png
train,3,3:legacy_070,data/processed/chars/3/legacy_070_rot-5.png
train,3,3:legacy_102,data/processed/chars/3/legacy_102_base.png
train,3,3:legacy_102,data/processed/chars/3/legacy_102_blur.png
train,3,3:legacy_102,data/processed/chars/3/legacy_102_dilate.png
train,3,3:legacy_102,data/processed/chars/3/legacy_102_erode.png
train,3,3:legacy_102,data/processed/chars/3/legacy_102_rot+5.png
train,3,3:legacy_102,data/processed/chars/3/legacy_102_rot-5.png
train,4,roboflow:01012021050111454903_BMH774:05,data/processed/chars/4/01012021050111454903_BMH774_jpg.rf.dea4964e8201cdfbee5db9d025adcde9__05.png
train,4,roboflow:01022021042512123505_MSKU593041:08,data/processed/chars/4/01022021042512123505_MSKU593041_jpg.rf.a0a160c379093456e7913d71d5f8f397__08.png
train,4,roboflow:01022021042516210903_MRKU440596:04,data/processed/chars/4/01022021042516210903_MRKU440596_jpg.rf.20a3569277305e38e55d5163446aa12b__04.png
train,4,roboflow:01022021042516210903_MRKU440596:05,data/processed/chars/4/01022021042516210903_MRKU440596_jpg.rf.20a3569277305e38e55d5163446aa12b__05.png
train,4,roboflow:01022021042516210903_MRKU440596:04,data/processed/chars/4/01022021042516210903_MRKU440596_jpg.rf.62a2cdfb86c8f48530d48740c4ca4b25__04.png
train,4,roboflow:01022021042516210903_MRKU440596:05,data/processed/chars/4/01022021042516210903_MRKU440596_jpg.rf.62a2cdfb86c8f48530d48740c4ca4b25__05.png
train,4,roboflow:01022021042516210903_MRKU440596:04,data/processed/chars/4/01022021042516210903_MRKU440596_jpg.rf.89d244ce3ca5d190280823ede672ea08__04.png
train,4,roboflow:01022021042516210903_MRKU440596:05,data/processed/chars/4/01022021042516210903_MRKU440596_jpg.rf.89d244ce3ca5d190280823ede672ea08__05.png
train,4,roboflow:01022021042516492903_NYKU428790:04,data/processed/chars/4/01022021042516492903_NYKU428790_jpg.rf.07259351d3b2a8de08c9009075cf0ee1__04.png
train,4,roboflow:01022021042517071805_HLBU141868:05,data/processed/chars/4/01022021042517071805_HLBU141868_jpg.rf.9f0e585cd5a725060269b77958660d83__05.png
train,4,roboflow:01022021042517071805_HLBU141868:05,data/processed/chars/4/01022021042517071805_HLBU141868_jpg.rf.be87ce96d4bc66e167ac23ab35dec623__05.png
train,4,4:legacy_005,data/processed/chars/4/legacy_005_base.png
train,4,4:legacy_005,data/processed/chars/4/legacy_005_blur.png
train,4,4:legacy_005,data/processed/chars/4/legacy_005_dilate.png
train,4,4:legacy_005,data/processed/chars/4/legacy_005_erode.png
train,4,4:legacy_005,data/processed/chars/4/legacy_005_rot+5.png
train,4,4:legacy_005,data/processed/chars/4/legacy_005_rot-5.png
train,4,4:legacy_069,data/processed/chars/4/legacy_069_base.png
train,4,4:legacy_069,data/processed/chars/4/legacy_069_blur.png
train,4,4:legacy_069,data/processed/chars/4/legacy_069_dilate.png
train,4,4:legacy_069,data/processed/chars/4/legacy_069_erode.png
train,4,4:legacy_069,data/processed/chars/4/legacy_069_rot+5.png
train,4,4:legacy_069,data/processed/chars/4/legacy_069_rot-5.png
train,4,4:legacy_133,data/processed/chars/4/legacy_133_base.png
train,4,4:legacy_133,data/processed/chars/4/legacy_133_blur.png
train,4,4:legacy_133,data/processed/chars/4/legacy_133_dilate.png
train,4,4:legacy_133,data/processed/chars/4/legacy_133_erode.png
train,4,4:legacy_133,data/processed/chars/4/legacy_133_rot+5.png
train,4,4:legacy_133,data/processed/chars/4/legacy_133_rot-5.png
train,5,roboflow:01012021050111423105_EGHU956170:05,data/processed/chars/5/01012021050111423105_EGHU956170_jpg.rf.0dabed44e04627931675b94376603c31__05.png
train,5,roboflow:01012021050111423105_EGHU956170:05,data/processed/chars/5/01012021050111423105_EGHU956170_jpg.rf.4723479dc7f2d88c08bd0a0636ef5425__05.png
train,5,roboflow:01012021050111492303_BKT5688:03,data/processed/chars/5/01012021050111492303_BKT5688_jpg.rf.1ff7db00c990449324c65ac80814d5ee__03.png
train,5,roboflow:01022021042511402405_ONEU031853:08,data/processed/chars/5/01022021042511402405_ONEU031853_jpg.rf.ea5a8472a14e5f3fcb3c73872f0bb0ce__08.png
train,5,roboflow:01022021042512123505_MSKU593041:04,data/processed/chars/5/01022021042512123505_MSKU593041_jpg.rf.a0a160c379093456e7913d71d5f8f397__04.png
train,5,roboflow:01022021042516210903_MRKU440596:07,data/processed/chars/5/01022021042516210903_MRKU440596_jpg.rf.20a3569277305e38e55d5163446aa12b__07.png
train,5,roboflow:01022021042516210903_MRKU440596:07,data/processed/chars/5/01022021042516210903_MRKU440596_jpg.rf.62a2cdfb86c8f48530d48740c4ca4b25__07.png
train,5,roboflow:01022021042516210903_MRKU440596:07,data/processed/chars/5/01022021042516210903_MRKU440596_jpg.rf.89d244ce3ca5d190280823ede672ea08__07.png
train,5,5:legacy_036,data/processed/chars/5/legacy_036_base.png
train,5,5:legacy_036,data/processed/chars/5/legacy_036_blur.png
train,5,5:legacy_036,data/processed/chars/5/legacy_036_dilate.png
train,5,5:legacy_036,data/processed/chars/5/legacy_036_erode.png
train,5,5:legacy_036,data/processed/chars/5/legacy_036_rot+5.png
train,5,5:legacy_036,data/processed/chars/5/legacy_036_rot-5.png
train,5,5:legacy_068,data/processed/chars/5/legacy_068_base.png
train,5,5:legacy_068,data/processed/chars/5/legacy_068_blur.png
train,5,5:legacy_068,data/processed/chars/5/legacy_068_dilate.png
train,5,5:legacy_068,data/processed/chars/5/legacy_068_erode.png
train,5,5:legacy_068,data/processed/chars/5/legacy_068_rot+5.png
train,5,5:legacy_068,data/processed/chars/5/legacy_068_rot-5.png
train,5,5:legacy_100,data/processed/chars/5/legacy_100_base.png
train,5,5:legacy_100,data/processed/chars/5/legacy_100_blur.png
train,5,5:legacy_100,data/processed/chars/5/legacy_100_dilate.png
train,5,5:legacy_100,data/processed/chars/5/legacy_100_erode.png
train,5,5:legacy_100,data/processed/chars/5/legacy_100_rot+5.png
train,5,5:legacy_100,data/processed/chars/5/legacy_100_rot-5.png
train,5,5:legacy_132,data/processed/chars/5/legacy_132_base.png
train,5,5:legacy_132,data/processed/chars/5/legacy_132_blur.png
train,5,5:legacy_132,data/processed/chars/5/legacy_132_dilate.png
train,5,5:legacy_132,data/processed/chars/5/legacy_132_erode.png
train,5,5:legacy_132,data/processed/chars/5/legacy_132_rot+5.png
train,5,5:legacy_132,data/processed/chars/5/legacy_132_rot-5.png
train,6,roboflow:01012021050111423105_EGHU956170:06,data/processed/chars/6/01012021050111423105_EGHU956170_jpg.rf.0dabed44e04627931675b94376603c31__06.png
train,6,roboflow:01012021050111423105_EGHU956170:06,data/processed/chars/6/01012021050111423105_EGHU956170_jpg.rf.4723479dc7f2d88c08bd0a0636ef5425__06.png
train,6,roboflow:01012021050111492303_BKT5688:04,data/processed/chars/6/01012021050111492303_BKT5688_jpg.rf.1ff7db00c990449324c65ac80814d5ee__04.png
train,6,roboflow:01012021050111535305_BPE5635:04,data/processed/chars/6/01012021050111535305_BPE5635_jpg.rf.000f7e8f32cf95b34131901ea9ea9d79__04.png
train,6,roboflow:01012021050111535305_BPE5635:04,data/processed/chars/6/01012021050111535305_BPE5635_jpg.rf.2ab8273afdc89c48f5b9745afe0c9de6__04.png
train,6,roboflow:01022021042510261305_GESU617562:04,data/processed/chars/6/01022021042510261305_GESU617562_jpg.rf.d78bebcb061acdb788831d64f6c0b705__04.png
train,6,roboflow:01022021042510261305_GESU617562:08,data/processed/chars/6/01022021042510261305_GESU617562_jpg.rf.d78bebcb061acdb788831d64f6c0b705__08.png
train,6,roboflow:01022021042512345103_OOCU721691:07,data/processed/chars/6/01022021042512345103_OOCU721691_jpg.rf.2f8eb31378b114e1cd85323d92dfa1fe__07.png
train,6,roboflow:01022021042512345505_OOCU721691:07,data/processed/chars/6/01022021042512345505_OOCU721691_jpg.rf.18c2ddd14d88434b3601c921459dd2d8__07.png
train,6,roboflow:01022021042516210903_MRKU440596:09,data/processed/chars/6/01022021042516210903_MRKU440596_jpg.rf.20a3569277305e38e55d5163446aa12b__09.png
train,6,roboflow:01022021042516210903_MRKU440596:09,data/processed/chars/6/01022021042516210903_MRKU440596_jpg.rf.62a2cdfb86c8f48530d48740c4ca4b25__09.png
train,6,roboflow:01022021042516210903_MRKU440596:09,data/processed/chars/6/01022021042516210903_MRKU440596_jpg.rf.89d244ce3ca5d190280823ede672ea08__09.png
train,6,roboflow:01022021042517071805_HLBU141868:08,data/processed/chars/6/01022021042517071805_HLBU141868_jpg.rf.9f0e585cd5a725060269b77958660d83__08.png
train,6,roboflow:01022021042517071805_HLBU141868:08,data/processed/chars/6/01022021042517071805_HLBU141868_jpg.rf.be87ce96d4bc66e167ac23ab35dec623__08.png
train,6,6:legacy_003,data/processed/chars/6/legacy_003_base.png
train,6,6:legacy_003,data/processed/chars/6/legacy_003_blur.png
train,6,6:legacy_003,data/processed/chars/6/legacy_003_dilate.png
train,6,6:legacy_003,data/processed/chars/6/legacy_003_erode.png
train,6,6:legacy_003,data/processed/chars/6/legacy_003_rot+5.png
train,6,6:legacy_003,data/processed/chars/6/legacy_003_rot-5.png
train,6,6:legacy_035,data/processed/chars/6/legacy_035_base.png
train,6,6:legacy_035,data/processed/chars/6/legacy_035_blur.png
train,6,6:legacy_035,data/processed/chars/6/legacy_035_dilate.png
train,6,6:legacy_035,data/processed/chars/6/legacy_035_erode.png
train,6,6:legacy_035,data/processed/chars/6/legacy_035_rot+5.png
train,6,6:legacy_035,data/processed/chars/6/legacy_035_rot-5.png
train,7,roboflow:01012021050111454903_BMH774:03,data/processed/chars/7/01012021050111454903_BMH774_jpg.rf.dea4964e8201cdfbee5db9d025adcde9__03.png
train,7,roboflow:01012021050111573003_VFU1407:06,data/processed/chars/7/01012021050111573003_VFU1407_jpg.rf.109233b4143ef6871152ce555c1b15fa__06.png
train,7,roboflow:01012021050111573003_VFU1407:06,data/processed/chars/7/01012021050111573003_VFU1407_jpg.rf.20a9b5e12e121a03bfbc0774135f704c__06.png
train,7,roboflow:01012021050111573003_VFU1407:06,data/processed/chars/7/01012021050111573003_VFU1407_jpg.rf.ac33db6812f3f6c6c1fcf6a6d98c693a__06.png
train,7,roboflow:01022021042510261305_GESU617562:06,data/processed/chars/7/01022021042510261305_GESU617562_jpg.rf.d78bebcb061acdb788831d64f6c0b705__06.png
train,7,roboflow:01022021042512345103_OOCU721691:04,data/processed/chars/7/01022021042512345103_OOCU721691_jpg.rf.2f8eb31378b114e1cd85323d92dfa1fe__04.png
train,7,roboflow:01022021042516492903_NYKU428790:07,data/processed/chars/7/01022021042516492903_NYKU428790_jpg.rf.07259351d3b2a8de08c9009075cf0ee1__07.png
train,7,7:legacy_002,data/processed/chars/7/legacy_002_base.png
train,7,7:legacy_002,data/processed/chars/7/legacy_002_blur.png
train,7,7:legacy_002,data/processed/chars/7/legacy_002_dilate.png
train,7,7:legacy_002,data/processed/chars/7/legacy_002_erode.png
train,7,7:legacy_002,data/processed/chars/7/legacy_002_rot+5.png
train,7,7:legacy_002,data/processed/chars/7/legacy_002_rot-5.png
train,7,7:legacy_034,data/processed/chars/7/legacy_034_base.png
train,7,7:legacy_034,data/processed/chars/7/legacy_034_blur.png
train,7,7:legacy_034,data/processed/chars/7/legacy_034_dilate.png
train,7,7:legacy_034,data/processed/chars/7/legacy_034_erode.png
train,7,7:legacy_034,data/processed/chars/7/legacy_034_rot+5.png
train,7,7:legacy_034,data/processed/chars/7/legacy_034_rot-5.png
train,7,7:legacy_098,data/processed/chars/7/legacy_098_base.png
train,7,7:legacy_098,data/processed/chars/7/legacy_098_blur.png
train,7,7:legacy_098,data/processed/chars/7/legacy_098_dilate.png
train,7,7:legacy_098,data/processed/chars/7/legacy_098_erode.png
train,7,7:legacy_098,data/processed/chars/7/legacy_098_rot+5.png
train,7,7:legacy_098,data/processed/chars/7/legacy_098_rot-5.png
train,7,7:legacy_130,data/processed/chars/7/legacy_130_base.png
train,7,7:legacy_130,data/processed/chars/7/legacy_130_blur.png
train,7,7:legacy_130,data/processed/chars/7/legacy_130_dilate.png
train,7,7:legacy_130,data/processed/chars/7/legacy_130_erode.png
train,7,7:legacy_130,data/processed/chars/7/legacy_130_rot+5.png
train,7,7:legacy_130,data/processed/chars/7/legacy_130_rot-5.png
train,8,roboflow:01012021050111264805_EMCU981331:05,data/processed/chars/8/01012021050111264805_EMCU981331_jpg.rf.a365d71980c70b9836741a1907a5e3cd__05.png
train,8,roboflow:01012021050111264805_EMCU981331:05,data/processed/chars/8/01012021050111264805_EMCU981331_jpg.rf.f78de3c40bdbc2a634bc0edc52082014__05.png
train,8,roboflow:01012021050111492303_BKT5688:05,data/processed/chars/8/01012021050111492303_BKT5688_jpg.rf.1ff7db00c990449324c65ac80814d5ee__05.png
train,8,roboflow:01012021050111565605_KDU5288:05,data/processed/chars/8/01012021050111565605_KDU5288_jpg.rf.17ed8a35c62e1565729bdd6da73d0a96__05.png
train,8,roboflow:01012021050111565605_KDU5288:06,data/processed/chars/8/01012021050111565605_KDU5288_jpg.rf.17ed8a35c62e1565729bdd6da73d0a96__06.png
train,8,roboflow:01012021050111565605_KDU5288:05,data/processed/chars/8/01012021050111565605_KDU5288_jpg.rf.1d1ff0bd6ee61e492cd7370d621895a5__05.png
train,8,roboflow:01012021050111565605_KDU5288:06,data/processed/chars/8/01012021050111565605_KDU5288_jpg.rf.1d1ff0bd6ee61e492cd7370d621895a5__06.png
train,8,roboflow:01012021050111565605_KDU5288:05,data/processed/chars/8/01012021050111565605_KDU5288_jpg.rf.6e0dc927efc776ba9be7bf2870fefc52__05.png
train,8,roboflow:01012021050111565605_KDU5288:06,data/processed/chars/8/01012021050111565605_KDU5288_jpg.rf.6e0dc927efc776ba9be7bf2870fefc52__06.png
train,8,roboflow:01012021050111565605_KDU5288:05,data/processed/chars/8/01012021050111565605_KDU5288_jpg.rf.96325e863832db32e0510674c5f95732__05.png
train,8,roboflow:01012021050111565605_KDU5288:06,data/processed/chars/8/01012021050111565605_KDU5288_jpg.rf.96325e863832db32e0510674c5f95732__06.png
train,8,roboflow:01012021050111565605_KDU5288:05,data/processed/chars/8/01012021050111565605_KDU5288_jpg.rf.d806fe5b8e155ac41f426188daabf70f__05.png
train,8,roboflow:01012021050111565605_KDU5288:06,data/processed/chars/8/01012021050111565605_KDU5288_jpg.rf.d806fe5b8e155ac41f426188daabf70f__06.png
train,8,roboflow:01022021042511402405_ONEU031853:07,data/processed/chars/8/01022021042511402405_ONEU031853_jpg.rf.ea5a8472a14e5f3fcb3c73872f0bb0ce__07.png
train,8,roboflow:01022021042516492903_NYKU428790:06,data/processed/chars/8/01022021042516492903_NYKU428790_jpg.rf.07259351d3b2a8de08c9009075cf0ee1__06.png
train,8,roboflow:01022021042516502503_MEDU180904:05,data/processed/chars/8/01022021042516502503_MEDU180904_jpg.rf.3e7b2663d5746975ba5f546b2c4bc81b__05.png
train,8,roboflow:01022021042517071805_HLBU141868:07,data/processed/chars/8/01022021042517071805_HLBU141868_jpg.rf.9f0e585cd5a725060269b77958660d83__07.png
train,8,roboflow:01022021042517071805_HLBU141868:09,data/processed/chars/8/01022021042517071805_HLBU141868_jpg.rf.9f0e585cd5a725060269b77958660d83__09.png
train,8,roboflow:01022021042517071805_HLBU141868:07,data/processed/chars/8/01022021042517071805_HLBU141868_jpg.rf.be87ce96d4bc66e167ac23ab35dec623__07.png
train,8,roboflow:01022021042517071805_HLBU141868:09,data/processed/chars/8/01022021042517071805_HLBU141868_jpg.rf.be87ce96d4bc66e167ac23ab35dec623__09.png
train,8,8:legacy_001,data/processed/chars/8/legacy_001_base.png
train,8,8:legacy_001,data/processed/chars/8/legacy_001_blur.png
train,8,8:legacy_001,data/processed/chars/8/legacy_001_dilate.png
train,8,8:legacy_001,data/processed/chars/8/legacy_001_erode.png
train,8,8:legacy_001,data/processed/chars/8/legacy_001_rot+5.png
train,8,8:legacy_001,data/processed/chars/8/legacy_001_rot-5.png
train,8,8:legacy_129,data/processed/chars/8/legacy_129_base.png
train,8,8:legacy_129,data/processed/chars/8/legacy_129_blur.png
train,8,8:legacy_129,data/processed/chars/8/legacy_129_dilate.png
train,8,8:legacy_129,data/processed/chars/8/legacy_129_erode.png
train,8,8:legacy_129,data/processed/chars/8/legacy_129_rot+5.png
train,8,8:legacy_129,data/processed/chars/8/legacy_129_rot-5.png
train,9,roboflow:01012021050111264805_EMCU981331:04,data/processed/chars/9/01012021050111264805_EMCU981331_jpg.rf.a365d71980c70b9836741a1907a5e3cd__04.png
train,9,roboflow:01012021050111264805_EMCU981331:04,data/processed/chars/9/01012021050111264805_EMCU981331_jpg.rf.f78de3c40bdbc2a634bc0edc52082014__04.png
train,9,roboflow:01012021050111423105_EGHU956170:04,data/processed/chars/9/01012021050111423105_EGHU956170_jpg.rf.0dabed44e04627931675b94376603c31__04.png
train,9,roboflow:01012021050111423105_EGHU956170:04,data/processed/chars/9/01012021050111423105_EGHU956170_jpg.rf.4723479dc7f2d88c08bd0a0636ef5425__04.png
train,9,roboflow:01022021042512123505_MSKU593041:05,data/processed/chars/9/01022021042512123505_MSKU593041_jpg.rf.a0a160c379093456e7913d71d5f8f397__05.png
train,9,roboflow:01022021042512345505_OOCU721691:08,data/processed/chars/9/01022021042512345505_OOCU721691_jpg.rf.18c2ddd14d88434b3601c921459dd2d8__08.png
train,9,roboflow:01022021042516492903_NYKU428790:08,data/processed/chars/9/01022021042516492903_NYKU428790_jpg.rf.07259351d3b2a8de08c9009075cf0ee1__08.png
train,9,roboflow:01022021042516502503_MEDU180904:07,data/processed/chars/9/01022021042516502503_MEDU180904_jpg.rf.3e7b2663d5746975ba5f546b2c4bc81b__07.png
train,9,9:legacy_000,data/processed/chars/9/legacy_000_base.png
train,9,9:legacy_000,data/processed/chars/9/legacy_000_blur.png
train,9,9:legacy_000,data/processed/chars/9/legacy_000_dilate.png
train,9,9:legacy_000,data/processed/chars/9/legacy_000_erode.png
train,9,9:legacy_000,data/processed/chars/9/legacy_000_rot+5.png
train,9,9:legacy_000,data/processed/chars/9/legacy_000_rot-5.png
train,9,9:legacy_032,data/processed/chars/9/legacy_032_base.png
train,9,9:legacy_032,data/processed/chars/9/legacy_032_blur.png
train,9,9:legacy_032,data/processed/chars/9/legacy_032_dilate.png
train,9,9:legacy_032,data/processed/chars/9/legacy_032_erode.png
train,9,9:legacy_032,data/processed/chars/9/legacy_032_rot+5.png
train,9,9:legacy_032,data/processed/chars/9/legacy_032_rot-5.png
train,9,9:legacy_064,data/processed/chars/9/legacy_064_base.png
train,9,9:legacy_064,data/processed/chars/9/legacy_064_blur.png
train,9,9:legacy_064,data/processed/chars/9/legacy_064_dilate.png
train,9,9:legacy_064,data/processed/chars/9/legacy_064_erode.png
train,9,9:legacy_064,data/processed/chars/9/legacy_064_rot+5.png
train,9,9:legacy_064,data/processed/chars/9/legacy_064_rot-5.png
train,9,9:legacy_128,data/processed/chars/9/legacy_128_base.png
train,9,9:legacy_128,data/processed/chars/9/legacy_128_blur.png
train,9,9:legacy_128,data/processed/chars/9/legacy_128_dilate.png
train,9,9:legacy_128,data/processed/chars/9/legacy_128_erode.png
train,9,9:legacy_128,data/processed/chars/9/legacy_128_rot+5.png
train,9,9:legacy_128,data/processed/chars/9/legacy_128_rot-5.png
train,A,A:legacy_091,data/processed/chars/A/legacy_091_base.png
train,A,A:legacy_091,data/processed/chars/A/legacy_091_blur.png
train,A,A:legacy_091,data/processed/chars/A/legacy_091_dilate.png
train,A,A:legacy_091,data/processed/chars/A/legacy_091_erode.png
train,A,A:legacy_091,data/processed/chars/A/legacy_091_rot+5.png
train,A,A:legacy_091,data/processed/chars/A/legacy_091_rot-5.png
train,A,A:legacy_123,data/processed/chars/A/legacy_123_base.png
train,A,A:legacy_123,data/processed/chars/A/legacy_123_blur.png
train,A,A:legacy_123,data/processed/chars/A/legacy_123_dilate.png
train,A,A:legacy_123,data/processed/chars/A/legacy_123_erode.png
train,A,A:legacy_123,data/processed/chars/A/legacy_123_rot+5.png
train,A,A:legacy_123,data/processed/chars/A/legacy_123_rot-5.png
train,B,roboflow:01012021050111454903_BMH774:00,data/processed/chars/B/01012021050111454903_BMH774_jpg.rf.dea4964e8201cdfbee5db9d025adcde9__00.png
train,B,roboflow:01012021050111492303_BKT5688:00,data/processed/chars/B/01012021050111492303_BKT5688_jpg.rf.1ff7db00c990449324c65ac80814d5ee__00.png
train,B,roboflow:01012021050111535305_BPE5635:00,data/processed/chars/B/01012021050111535305_BPE5635_jpg.rf.000f7e8f32cf95b34131901ea9ea9d79__00.png
train,B,roboflow:01012021050111535305_BPE5635:00,data/processed/chars/B/01012021050111535305_BPE5635_jpg.rf.2ab8273afdc89c48f5b9745afe0c9de6__00.png
train,B,roboflow:01022021042517071805_HLBU141868:02,data/processed/chars/B/01022021042517071805_HLBU141868_jpg.rf.9f0e585cd5a725060269b77958660d83__02.png
train,B,roboflow:01022021042517071805_HLBU141868:02,data/processed/chars/B/01022021042517071805_HLBU141868_jpg.rf.be87ce96d4bc66e167ac23ab35dec623__02.png
train,B,B:legacy_058,data/processed/chars/B/legacy_058_base.png
train,B,B:legacy_058,data/processed/chars/B/legacy_058_blur.png
train,B,B:legacy_058,data/processed/chars/B/legacy_058_dilate.png
train,B,B:legacy_058,data/processed/chars/B/legacy_058_erode.png
train,B,B:legacy_058,data/processed/chars/B/legacy_058_rot+5.png
train,B,B:legacy_058,data/processed/chars/B/legacy_058_rot-5.png
train,B,B:legacy_090,data/processed/chars/B/legacy_090_base.png
train,B,B:legacy_090,data/processed/chars/B/legacy_090_blur.png
train,B,B:legacy_090,data/processed/chars/B/legacy_090_dilate.png
train,B,B:legacy_090,data/processed/chars/B/legacy_090_erode.png
train,B,B:legacy_090,data/processed/chars/B/legacy_090_rot+5.png
train,B,B:legacy_090,data/processed/chars/B/legacy_090_rot-5.png
train,B,B:legacy_122,data/processed/chars/B/legacy_122_base.png
train,B,B:legacy_122,data/processed/chars/B/legacy_122_blur.png
train,B,B:legacy_122,data/processed/chars/B/legacy_122_dilate.png
train,B,B:legacy_122,data/processed/chars/B/legacy_122_erode.png
train,B,B:legacy_122,data/processed/chars/B/legacy_122_rot+5.png
train,B,B:legacy_122,data/processed/chars/B/legacy_122_rot-5.png
train,B,B:legacy_154,data/processed/chars/B/legacy_154_base.png
train,B,B:legacy_154,data/processed/chars/B/legacy_154_blur.png
train,B,B:legacy_154,data/processed/chars/B/legacy_154_dilate.png
train,B,B:legacy_154,data/processed/chars/B/legacy_154_erode.png
train,B,B:legacy_154,data/processed/chars/B/legacy_154_rot+5.png
train,B,B:legacy_154,data/processed/chars/B/legacy_154_rot-5.png
train,C,roboflow:01012021050111264805_EMCU981331:02,data/processed/chars/C/01012021050111264805_EMCU981331_jpg.rf.a365d71980c70b9836741a1907a5e3cd__02.png
train,C,roboflow:01012021050111264805_EMCU981331:02,data/processed/chars/C/01012021050111264805_EMCU981331_jpg.rf.f78de3c40bdbc2a634bc0edc52082014__02.png
train,C,roboflow:01022021042512345103_OOCU721691:02,data/processed/chars/C/01022021042512345103_OOCU721691_jpg.rf.2f8eb31378b114e1cd85323d92dfa1fe__02.png
train,C,roboflow:01022021042512345505_OOCU721691:02,data/processed/chars/C/01022021042512345505_OOCU721691_jpg.rf.18c2ddd14d88434b3601c921459dd2d8__02.png
train,C,C:legacy_025,data/processed/chars/C/legacy_025_base.png
train,C,C:legacy_025,data/processed/chars/C/legacy_025_blur.png
train,C,C:legacy_025,data/processed/chars/C/legacy_025_dilate.png
train,C,C:legacy_025,data/processed/chars/C/legacy_025_erode.png
train,C,C:legacy_025,data/processed/chars/C/legacy_025_rot+5.png
train,C,C:legacy_025,data/processed/chars/C/legacy_025_rot-5.png
train,C,C:legacy_057,data/processed/chars/C/legacy_057_base.png
train,C,C:legacy_057,data/processed/chars/C/legacy_057_blur.png
train,C,C:legacy_057,data/processed/chars/C/legacy_057_dilate.png
train,C,C:legacy_057,data/processed/chars/C/legacy_057_erode.png
train,C,C:legacy_057,data/processed/chars/C/legacy_057_rot+5.png
train,C,C:legacy_057,data/processed/chars/C/legacy_057_rot-5.png
train,C,C:legacy_089,data/processed/chars/C/legacy_089_base.png
train,C,C:legacy_089,data/processed/chars/C/legacy_089_blur.png
train,C,C:legacy_089,data/processed/chars/C/legacy_089_dilate.png
train,C,C:legacy_089,data/processed/chars/C/legacy_089_erode.png
train,C,C:legacy_089,data/processed/chars/C/legacy_089_rot+5.png
train,C,C:legacy_089,data/processed/chars/C/legacy_089_rot-5.png
train,D,roboflow:01022021042516502503_MEDU180904:02,data/processed/chars/D/01022021042516502503_MEDU180904_jpg.rf.3e7b2663d5746975ba5f546b2c4bc81b__02.png
train,D,D:legacy_056,data/processed/chars/D/legacy_056_base.png
train,D,D:legacy_056,data/processed/chars/D/legacy_056_blur.png
train,D,D:legacy_056,data/processed/chars/D/legacy_056_dilate.png
train,D,D:legacy_056,data/processed/chars/D/legacy_056_erode.png
train,D,D:legacy_056,data/processed/chars/D/legacy_056_rot+5.png
train,D,D:legacy_056,data/processed/chars/D/legacy_056_rot-5.png
train,D,D:legacy_088,data/processed/chars/D/legacy_088_base.png
train,D,D:legacy_088,data/processed/chars/D/legacy_088_blur.png
train,D,D:legacy_088,data/processed/chars/D/legacy_088_dilate.png
train,D,D:legacy_088,data/processed/chars/D/legacy_088_erode.png
train,D,D:legacy_088,data/processed/chars/D/legacy_088_rot+5.png
train,D,D:legacy_088,data/processed/chars/D/legacy_088_rot-5.png
train,D,D:legacy_120,data/processed/chars/D/legacy_120_base.png
train,D,D:legacy_120,data/processed/chars/D/legacy_120_blur.png
train,D,D:legacy_120,data/processed/chars/D/legacy_120_dilate.png
train,D,D:legacy_120,data/processed/chars/D/legacy_120_erode.png
train,D,D:legacy_120,data/processed/chars/D/legacy_120_rot+5.png
train,D,D:legacy_120,data/processed/chars/D/legacy_120_rot-5.png
train,D,D:legacy_152,data/processed/chars/D/legacy_152_base.png
train,D,D:legacy_152,data/processed/chars/D/legacy_152_blur.png
train,D,D:legacy_152,data/processed/chars/D/legacy_152_dilate.png
train,D,D:legacy_152,data/processed/chars/D/legacy_152_erode.png
train,D,D:legacy_152,data/processed/chars/D/legacy_152_rot+5.png
train,D,D:legacy_152,data/processed/chars/D/legacy_152_rot-5.png
train,E,roboflow:01012021050111423105_EGHU956170:00,data/processed/chars/E/01012021050111423105_EGHU956170_jpg.rf.0dabed44e04627931675b94376603c31__00.png
train,E,roboflow:01012021050111423105_EGHU956170:00,data/processed/chars/E/01012021050111423105_EGHU956170_jpg.rf.4723479dc7f2d88c08bd0a0636ef5425__00.png
train,E,roboflow:01012021050111535305_BPE5635:02,data/processed/chars/E/01012021050111535305_BPE5635_jpg.rf.000f7e8f32cf95b34131901ea9ea9d79__02.png
train,E,roboflow:01012021050111535305_BPE5635:02,data/processed/chars/E/01012021050111535305_BPE5635_jpg.rf.2ab8273afdc89c48f5b9745afe0c9de6__02.png
train,E,roboflow:01022021042510261305_GESU617562:01,data/processed/chars/E/01022021042510261305_GESU617562_jpg.rf.d78bebcb061acdb788831d64f6c0b705__01.png
train,E,roboflow:01022021042516502503_MEDU180904:01,data/processed/chars/E/01022021042516502503_MEDU180904_jpg.rf.3e7b2663d5746975ba5f546b2c4bc81b__01.png
train,E,E:legacy_055,data/processed/chars/E/legacy_055_base.png
train,E,E:legacy_055,data/processed/chars/E/legacy_055_blur.png
train,E,E:legacy_055,data/processed/chars/E/legacy_055_dilate.png
train,E,E:legacy_055,data/processed/chars/E/legacy_055_erode.png
train,E,E:legacy_055,data/processed/chars/E/legacy_055_rot+5.png
train,E,E:legacy_055,data/processed/chars/E/legacy_055_rot-5.png
train,E,E:legacy_151,data/processed/chars/E/legacy_151_base.png
train,E,E:legacy_151,data/processed/chars/E/legacy_151_blur.png
train,E,E:legacy_151,data/processed/chars/E/legacy_151_dilate.png
train,E,E:legacy_151,data/processed/chars/E/legacy_151_erode.png
train,E,E:legacy_151,data/processed/chars/E/legacy_151_rot+5.png
train,E,E:legacy_151,data/processed/chars/E/legacy_151_rot-5.png
train,F,roboflow:01012021050111573003_VFU1407:01,data/processed/chars/F/01012021050111573003_VFU1407_jpg.rf.109233b4143ef6871152ce555c1b15fa__01.png
train,F,roboflow:01012021050111573003_VFU1407:01,data/processed/chars/F/01012021050111573003_VFU1407_jpg.rf.20a9b5e12e121a03bfbc0774135f704c__01.png
train,F,roboflow:01012021050111573003_VFU1407:01,data/processed/chars/F/01012021050111573003_VFU1407_jpg.rf.ac33db6812f3f6c6c1fcf6a6d98c693a__01.png
train,F,F:legacy_054,data/processed/chars/F/legacy_054_base.png
train,F,F:legacy_054,data/processed/chars/F/legacy_054_blur.png
train,F,F:legacy_054,data/processed/chars/F/legacy_054_dilate.png
train,F,F:legacy_054,data/processed/chars/F/legacy_054_erode.png
train,F,F:legacy_054,data/processed/chars/F/legacy_054_rot+5.png
train,F,F:legacy_054,data/processed/chars/F/legacy_054_rot-5.png
train,F,F:legacy_086,data/processed/chars/F/legacy_086_base.png
train,F,F:legacy_086,data/processed/chars/F/legacy_086_blur.png
train,F,F:legacy_086,data/processed/chars/F/legacy_086_dilate.png
train,F,F:legacy_086,data/processed/chars/F/legacy_086_erode.png
train,F,F:legacy_086,data/processed/chars/F/legacy_086_rot+5.png
train,F,F:legacy_086,data/processed/chars/F/legacy_086_rot-5.png
train,F,F:legacy_118,data/processed/chars/F/legacy_118_base.png
train,F,F:legacy_118,data/processed/chars/F/legacy_118_blur.png
train,F,F:legacy_118,data/processed/chars/F/legacy_118_dilate.png
train,F,F:legacy_118,data/processed/chars/F/legacy_118_erode.png
train,F,F:legacy_118,data/processed/chars/F/legacy_118_rot+5.png
train,F,F:legacy_118,data/processed/chars/F/legacy_118_rot-5.png
train,F,F:legacy_150,data/processed/chars/F/legacy_150_base.png
train,F,F:legacy_150,data/processed/chars/F/legacy_150_blur.png
train,F,F:legacy_150,data/processed/chars/F/legacy_150_dilate.png
train,F,F:legacy_150,data/processed/chars/F/legacy_150_erode.png
train,F,F:legacy_150,data/processed/chars/F/legacy_150_rot+5.png
train,F,F:legacy_150,data/processed/chars/F/legacy_150_rot-5.png
train,G,roboflow:01022021042510261305_GESU617562:00,data/processed/chars/G/01022021042510261305_GESU617562_jpg.rf.d78bebcb061acdb788831d64f6c0b705__00.png
train,G,G:legacy_031,data/processed/chars/G/legacy_031_base.png
train,G,G:legacy_031,data/processed/chars/G/legacy_031_blur.png
train,G,G:legacy_031,data/processed/chars/G/legacy_031_dilate.png
train,G,G:legacy_031,data/processed/chars/G/legacy_031_erode.png
train,G,G:legacy_031,data/processed/chars/G/legacy_031_rot+5.png
train,G,G:legacy_031,data/processed/chars/G/legacy_031_rot-5.png
train,G,G:legacy_063,data/processed/chars/G/legacy_063_base.png
train,G,G:legacy_063,data/processed/chars/G/legacy_063_blur.png
train,G,G:legacy_063,data/processed/chars/G/legacy_063_dilate.png
train,G,G:legacy_063,data/processed/chars/G/legacy_063_erode.png
train,G,G:legacy_063,data/processed/chars/G/legacy_063_rot+5.png
train,G,G:legacy_063,data/processed/chars/G/legacy_063_rot-5.png
train,G,G:legacy_127,data/processed/chars/G/legacy_127_base.png
train,G,G:legacy_127,data/processed/chars/G/legacy_127_blur.png
train,G,G:legacy_127,data/processed/chars/G/legacy_127_dilate.png
train,G,G:legacy_127,data/processed/chars/G/legacy_127_erode.png
train,G,G:legacy_127,data/processed/chars/G/legacy_127_rot+5.png
train,G,G:legacy_127,data/processed/chars/G/legacy_127_rot-5.png
train,G,G:legacy_159,data/processed/chars/G/legacy_159_base.png
train,G,G:legacy_159,data/processed/chars/G/legacy_159_blur.png
train,G,G:legacy_159,data/processed/chars/G/legacy_159_dilate.png
train,G,G:legacy_159,data/processed/chars/G/legacy_159_erode.png
train,G,G:legacy_159,data/processed/chars/G/legacy_159_rot+5.png
train,G,G:legacy_159,data/processed/chars/G/legacy_159_rot-5.png
train,H,roboflow:01012021050111423105_EGHU956170:02,data/processed/chars/H/01012021050111423105_EGHU956170_jpg.rf.0dabed44e04627931675b94376603c31__02.png
train,H,roboflow:01012021050111423105_EGHU956170:02,data/processed/chars/H/01012021050111423105_EGHU956170_jpg.rf.4723479dc7f2d88c08bd0a0636ef5425__02.png
train,H,roboflow:01012021050111454903_BMH774:02,data/processed/chars/H/01012021050111454903_BMH774_jpg.rf.dea4964e8201cdfbee5db9d025adcde9__02.png
train,H,roboflow:01022021042517071805_HLBU141868:00,data/processed/chars/H/01022021042517071805_HLBU141868_jpg.rf.9f0e585cd5a725060269b77958660d83__00.png
train,H,roboflow:01022021042517071805_HLBU141868:00,data/processed/chars/H/01022021042517071805_HLBU141868_jpg.rf.be87ce96d4bc66e167ac23ab35dec623__00.png
train,H,H:legacy_053,data/processed/chars/H/legacy_053_base.png
train,H,H:legacy_053,data/processed/chars/H/legacy_053_blur.png
train,H,H:legacy_053,data/processed/chars/H/legacy_053_dilate.png
train,H,H:legacy_053,data/processed/chars/H/legacy_053_erode.png
train,H,H:legacy_053,data/processed/chars/H/legacy_053_rot+5.png
train,H,H:legacy_053,data/processed/chars/H/legacy_053_rot-5.png
train,H,H:legacy_085,data/processed/chars/H/legacy_085_base.png
train,H,H:legacy_085,data/processed/chars/H/legacy_085_blur.png
train,H,H:legacy_085,data/processed/chars/H/legacy_085_dilate.png
train,H,H:legacy_085,data/processed/chars/H/legacy_085_erode.png
train,H,H:legacy_085,data/processed/chars/H/legacy_085_rot+5.png
train,H,H:legacy_085,data/processed/chars/H/legacy_085_rot-5.png
train,H,H:legacy_117,data/processed/chars/H/legacy_117_base.png
train,H,H:legacy_117,data/processed/chars/H/legacy_117_blur.png
train,H,H:legacy_117,data/processed/chars/H/legacy_117_dilate.png
train,H,H:legacy_117,data/processed/chars/H/legacy_117_erode.png
train,H,H:legacy_117,data/processed/chars/H/legacy_117_rot+5.png
train,H,H:legacy_117,data/processed/chars/H/legacy_117_rot-5.png
train,K,roboflow:01012021050111565605_KDU5288:00,data/processed/chars/K/01012021050111565605_KDU5288_jpg.rf.17ed8a35c62e1565729bdd6da73d0a96__00.png
train,K,roboflow:01012021050111565605_KDU5288:00,data/processed/chars/K/01012021050111565605_KDU5288_jpg.rf.1d1ff0bd6ee61e492cd7370d621895a5__00.png
train,K,roboflow:01012021050111565605_KDU5288:00,data/processed/chars/K/01012021050111565605_KDU5288_jpg.rf.6e0dc927efc776ba9be7bf2870fefc52__00.png
train,K,roboflow:01012021050111565605_KDU5288:00,data/processed/chars/K/01012021050111565605_KDU5288_jpg.rf.96325e863832db32e0510674c5f95732__00.png
train,K,roboflow:01012021050111565605_KDU5288:00,data/processed/chars/K/01012021050111565605_KDU5288_jpg.rf.d806fe5b8e155ac41f426188daabf70f__00.png
train,K,roboflow:01022021042512123505_MSKU593041:02,data/processed/chars/K/01022021042512123505_MSKU593041_jpg.rf.a0a160c379093456e7913d71d5f8f397__02.png
train,K,roboflow:01022021042516210903_MRKU440596:02,data/processed/chars/K/01022021042516210903_MRKU440596_jpg.rf.20a3569277305e38e55d5163446aa12b__02.png
train,K,roboflow:01022021042516210903_MRKU440596:02,data/processed/chars/K/01022021042516210903_MRKU440596_jpg.rf.62a2cdfb86c8f48530d48740c4ca4b25__02.png
train,K,roboflow:01022021042516210903_MRKU440596:02,data/processed/chars/K/01022021042516210903_MRKU440596_jpg.rf.89d244ce3ca5d190280823ede672ea08__02.png
train,K,roboflow:01022021042516492903_NYKU428790:02,data/processed/chars/K/01022021042516492903_NYKU428790_jpg.rf.07259351d3b2a8de08c9009075cf0ee1__02.png
train,K,K:legacy_020,data/processed/chars/K/legacy_020_base.png
train,K,K:legacy_020,data/processed/chars/K/legacy_020_blur.png
train,K,K:legacy_020,data/processed/chars/K/legacy_020_dilate.png
train,K,K:legacy_020,data/processed/chars/K/legacy_020_erode.png
train,K,K:legacy_020,data/processed/chars/K/legacy_020_rot+5.png
train,K,K:legacy_020,data/processed/chars/K/legacy_020_rot-5.png
train,K,K:legacy_052,data/processed/chars/K/legacy_052_base.png
train,K,K:legacy_052,data/processed/chars/K/legacy_052_blur.png
train,K,K:legacy_052,data/processed/chars/K/legacy_052_dilate.png
train,K,K:legacy_052,data/processed/chars/K/legacy_052_erode.png
train,K,K:legacy_052,data/processed/chars/K/legacy_052_rot+5.png
train,K,K:legacy_052,data/processed/chars/K/legacy_052_rot-5.png
train,K,K:legacy_116,data/processed/chars/K/legacy_116_base.png
train,K,K:legacy_116,data/processed/chars/K/legacy_116_blur.png
train,K,K:legacy_116,data/processed/chars/K/legacy_116_dilate.png
train,K,K:legacy_116,data/processed/chars/K/legacy_116_erode.png
train,K,K:legacy_116,data/processed/chars/K/legacy_116_rot+5.png
train,K,K:legacy_116,data/processed/chars/K/legacy_116_rot-5.png
train,K,K:legacy_148,data/processed/chars/K/legacy_148_base.png
train,K,K:legacy_148,data/processed/chars/K/legacy_148_blur.png
train,K,K:legacy_148,data/processed/chars/K/legacy_148_dilate.png
train,K,K:legacy_148,data/processed/chars/K/legacy_148_erode.png
train,K,K:legacy_148,data/processed/chars/K/legacy_148_rot+5.png
train,K,K:legacy_148,data/processed/chars/K/legacy_148_rot-5.png
train,L,L:legacy_019,data/processed/chars/L/legacy_019_base.png
train,L,L:legacy_019,data/processed/chars/L/legacy_019_blur.png
train,L,L:legacy_019,data/processed/chars/L/legacy_019_dilate.png
train,L,L:legacy_019,data/processed/chars/L/legacy_019_erode.png
train,L,L:legacy_019,data/processed/chars/L/legacy_019_rot+5.png
train,L,L:legacy_019,data/processed/chars/L/legacy_019_rot-5.png
train,L,L:legacy_051,data/processed/chars/L/legacy_051_base.png
train,L,L:legacy_051,data/processed/chars/L/legacy_051_blur.png
train,L,L:legacy_051,data/processed/chars/L/legacy_051_dilate.png
train,L,L:legacy_051,data/processed/chars/L/legacy_051_erode.png
train,L,L:legacy_051,data/processed/chars/L/legacy_051_rot+5.png
train,L,L:legacy_051,data/processed/chars/L/legacy_051_rot-5.png
train,L,L:legacy_083,data/processed/chars/L/legacy_083_base.png
train,L,L:legacy_083,data/processed/chars/L/legacy_083_blur.png
train,L,L:legacy_083,data/processed/chars/L/legacy_083_dilate.png
train,L,L:legacy_083,data/processed/chars/L/legacy_083_erode.png
train,L,L:legacy_083,data/processed/chars/L/legacy_083_rot+5.png
train,L,L:legacy_083,data/processed/chars/L/legacy_083_rot-5.png
train,L,L:legacy_115,data/processed/chars/L/legacy_115_base.png
train,L,L:legacy_115,data/processed/chars/L/legacy_115_blur.png
train,L,L:legacy_115,data/processed/chars/L/legacy_115_dilate.png
train,L,L:legacy_115,data/processed/chars/L/legacy_115_erode.png
train,L,L:legacy_115,data/processed/chars/L/legacy_115_rot+5.png
train,L,L:legacy_115,data/processed/chars/L/legacy_115_rot-5.png
train,L,L:legacy_147,data/processed/chars/L/legacy_147_base.png
train,L,L:legacy_147,data/processed/chars/L/legacy_147_blur.png
train,L,L:legacy_147,data/processed/chars/L/legacy_147_dilate.png
train,L,L:legacy_147,data/processed/chars/L/legacy_147_erode.png
train,L,L:legacy_147,data/processed/chars/L/legacy_147_rot+5.png
train,L,L:legacy_147,data/processed/chars/L/legacy_147_rot-5.png
train,M,roboflow:01012021050111454903_BMH774:01,data/processed/chars/M/01012021050111454903_BMH774_jpg.rf.dea4964e8201cdfbee5db9d025adcde9__01.png
train,M,roboflow:01022021042516210903_MRKU440596:00,data/processed/chars/M/01022021042516210903_MRKU440596_jpg.rf.20a3569277305e38e55d5163446aa12b__00.png
train,M,roboflow:01022021042516210903_MRKU440596:00,data/processed/chars/M/01022021042516210903_MRKU440596_jpg.rf.62a2cdfb86c8f48530d48740c4ca4b25__00.png
train,M,roboflow:01022021042516210903_MRKU440596:00,data/processed/chars/M/01022021042516210903_MRKU440596_jpg.rf.89d244ce3ca5d190280823ede672ea08__00.png
train,M,roboflow:01022021042516502503_MEDU180904:00,data/processed/chars/M/01022021042516502503_MEDU180904_jpg.rf.3e7b2663d5746975ba5f546b2c4bc81b__00.png
train,M,M:legacy_018,data/processed/chars/M/legacy_018_base.png
train,M,M:legacy_018,data/processed/chars/M/legacy_018_blur.png
train,M,M:legacy_018,data/processed/chars/M/legacy_018_dilate.png
train,M,M:legacy_018,data/processed/chars/M/legacy_018_erode.png
train,M,M:legacy_018,data/processed/chars/M/legacy_018_rot+5.png
train,M,M:legacy_018,data/processed/chars/M/legacy_018_rot-5.png
train,M,M:legacy_050,data/processed/chars/M/legacy_050_base.png
train,M,M:legacy_050,data/processed/chars/M/legacy_050_blur.png
train,M,M:legacy_050,data/processed/chars/M/legacy_050_dilate.png
train,M,M:legacy_050,data/processed/chars/M/legacy_050_erode.png
train,M,M:legacy_050,data/processed/chars/M/legacy_050_rot+5.png
train,M,M:legacy_050,data/processed/chars/M/legacy_050_rot-5.png
train,M,M:legacy_114,data/processed/chars/M/legacy_114_base.png
train,M,M:legacy_114,data/processed/chars/M/legacy_114_blur.png
train,M,M:legacy_114,data/processed/chars/M/legacy_114_dilate.png
train,M,M:legacy_114,data/processed/chars/M/legacy_114_erode.png
train,M,M:legacy_114,data/processed/chars/M/legacy_114_rot+5.png
train,M,M:legacy_114,data/processed/chars/M/legacy_114_rot-5.png
train,N,N:legacy_113,data/processed/chars/N/legacy_113_base.png
train,N,N:legacy_113,data/processed/chars/N/legacy_113_blur.png
train,N,N:legacy_113,data/processed/chars/N/legacy_113_dilate.png
train,N,N:legacy_113,data/processed/chars/N/legacy_113_erode.png
train,N,N:legacy_113,data/processed/chars/N/legacy_113_rot+5.png
train,N,N:legacy_113,data/processed/chars/N/legacy_113_rot-5.png
train,N,N:legacy_145,data/processed/chars/N/legacy_145_base.png
train,N,N:legacy_145,data/processed/chars/N/legacy_145_blur.png
train,N,N:legacy_145,data/processed/chars/N/legacy_145_dilate.png
train,N,N:legacy_145,data/processed/chars/N/legacy_145_erode.png
train,N,N:legacy_145,data/processed/chars/N/legacy_145_rot+5.png
train,N,N:legacy_145,data/processed/chars/N/legacy_145_rot-5.png
train,O,roboflow:01022021042511402405_ONEU031853:00,data/processed/chars/O/01022021042511402405_ONEU031853_jpg.rf.ea5a8472a14e5f3fcb3c73872f0bb0ce__00.png
train,O,roboflow:01022021042512345103_OOCU721691:00,data/processed/chars/O/01022021042512345103_OOCU721691_jpg.rf.2f8eb31378b114e1cd85323d92dfa1fe__00.png
train,O,roboflow:01022021042512345103_OOCU721691:01,data/processed/chars/O/01022021042512345103_OOCU721691_jpg.rf.2f8eb31378b114e1cd85323d92dfa1fe__01.png
train,O,roboflow:01022021042512345505_OOCU721691:01,data/processed/chars/O/01022021042512345505_OOCU721691_jpg.rf.18c2ddd14d88434b3601c921459dd2d8__01.png
train,P,roboflow:01012021050111535305_BPE5635:01,data/processed/chars/P/01012021050111535305_BPE5635_jpg.rf.000f7e8f32cf95b34131901ea9ea9d79__01.png
train,P,roboflow:01012021050111535305_BPE5635:01,data/processed/chars/P/01012021050111535305_BPE5635_jpg.rf.2ab8273afdc89c48f5b9745afe0c9de6__01.png
train,P,P:legacy_016,data/processed/chars/P/legacy_016_base.png
train,P,P:legacy_016,data/processed/chars/P/legacy_016_blur.png
train,P,P:legacy_016,data/processed/chars/P/legacy_016_dilate.png
train,P,P:legacy_016,data/processed/chars/P/legacy_016_erode.png
train,P,P:legacy_016,data/processed/chars/P/legacy_016_rot+5.png
train,P,P:legacy_016,data/processed/chars/P/legacy_016_rot-5.png
train,P,P:legacy_048,data/processed/chars/P/legacy_048_base.png
train,P,P:legacy_048,data/processed/chars/P/legacy_048_blur.png
train,P,P:legacy_048,data/processed/chars/P/legacy_048_dilate.png
train,P,P:legacy_048,data/processed/chars/P/legacy_048_erode.png
train,P,P:legacy_048,data/processed/chars/P/legacy_048_rot+5.png
train,P,P:legacy_048,data/processed/chars/P/legacy_048_rot-5.png
train,P,P:legacy_112,data/processed/chars/P/legacy_112_base.png
train,P,P:legacy_112,data/processed/chars/P/legacy_112_blur.png
train,P,P:legacy_112,data/processed/chars/P/legacy_112_dilate.png
train,P,P:legacy_112,data/processed/chars/P/legacy_112_erode.png
train,P,P:legacy_112,data/processed/chars/P/legacy_112_rot+5.png
train,P,P:legacy_112,data/processed/chars/P/legacy_112_rot-5.png
train,P,P:legacy_144,data/processed/chars/P/legacy_144_base.png
train,P,P:legacy_144,data/processed/chars/P/legacy_144_blur.png
train,P,P:legacy_144,data/processed/chars/P/legacy_144_dilate.png
train,P,P:legacy_144,data/processed/chars/P/legacy_144_erode.png
train,P,P:legacy_144,data/processed/chars/P/legacy_144_rot+5.png
train,P,P:legacy_144,data/processed/chars/P/legacy_144_rot-5.png
train,Q,Q:legacy_079,data/processed/chars/Q/legacy_079_base.png
train,Q,Q:legacy_079,data/processed/chars/Q/legacy_079_blur.png
train,Q,Q:legacy_079,data/processed/chars/Q/legacy_079_dilate.png
train,Q,Q:legacy_079,data/processed/chars/Q/legacy_079_erode.png
train,Q,Q:legacy_079,data/processed/chars/Q/legacy_079_rot+5.png
train,Q,Q:legacy_079,data/processed/chars/Q/legacy_079_rot-5.png
train,Q,Q:legacy_111,data/processed/chars/Q/legacy_111_base.png
train,Q,Q:legacy_111,data/processed/chars/Q/legacy_111_blur.png
train,Q,Q:legacy_111,data/processed/chars/Q/legacy_111_dilate.png
train,Q,Q:legacy_111,data/processed/chars/Q/legacy_111_erode.png
train,Q,Q:legacy_111,data/processed/chars/Q/legacy_111_rot+5.png
train,Q,Q:legacy_111,data/processed/chars/Q/legacy_111_rot-5.png
train,Q,Q:legacy_143,data/processed/chars/Q/legacy_143_base.png
train,Q,Q:legacy_143,data/processed/chars/Q/legacy_143_blur.png
train,Q,Q:legacy_143,data/processed/chars/Q/legacy_143_dilate.png
train,Q,Q:legacy_143,data/processed/chars/Q/legacy_143_erode.png
train,Q,Q:legacy_143,data/processed/chars/Q/legacy_143_rot+5.png
train,Q,Q:legacy_143,data/processed/chars/Q/legacy_143_rot-5.png
train,R,roboflow:01022021042516210903_MRKU440596:01,data/processed/chars/R/01022021042516210903_MRKU440596_jpg.rf.20a3569277305e38e55d5163446aa12b__01.png
train,R,roboflow:01022021042516210903_MRKU440596:01,data/processed/chars/R/01022021042516210903_MRKU440596_jpg.rf.62a2cdfb86c8f48530d48740c4ca4b25__01.png
train,R,roboflow:01022021042516210903_MRKU440596:01,data/processed/chars/R/01022021042516210903_MRKU440596_jpg.rf.89d244ce3ca5d190280823ede672ea08__01.png
train,R,R:legacy_014,data/processed/chars/R/legacy_014_base.png
train,R,R:legacy_014,data/processed/chars/R/legacy_014_blur.png
train,R,R:legacy_014,data/processed/chars/R/legacy_014_dilate.png
train,R,R:legacy_014,data/processed/chars/R/legacy_014_erode.png
train,R,R:legacy_014,data/processed/chars/R/legacy_014_rot+5.png
train,R,R:legacy_014,data/processed/chars/R/legacy_014_rot-5.png
train,R,R:legacy_046,data/processed/chars/R/legacy_046_base.png
train,R,R:legacy_046,data/processed/chars/R/legacy_046_blur.png
train,R,R:legacy_046,data/processed/chars/R/legacy_046_dilate.png
train,R,R:legacy_046,data/processed/chars/R/legacy_046_erode.png
train,R,R:legacy_046,data/processed/chars/R/legacy_046_rot+5.png
train,R,R:legacy_046,data/processed/chars/R/legacy_046_rot-5.png
train,R,R:legacy_078,data/processed/chars/R/legacy_078_base.png
train,R,R:legacy_078,data/processed/chars/R/legacy_078_blur.png
train,R,R:legacy_078,data/processed/chars/R/legacy_078_dilate.png
train,R,R:legacy_078,data/processed/chars/R/legacy_078_erode.png
train,R,R:legacy_078,data/processed/chars/R/legacy_078_rot+5.png
train,R,R:legacy_078,data/processed/chars/R/legacy_078_rot-5.png
train,S,roboflow:01022021042512123505_MSKU593041:01,data/processed/chars/S/01022021042512123505_MSKU593041_jpg.rf.a0a160c379093456e7913d71d5f8f397__01.png
train,S,S:legacy_062,data/processed/chars/S/legacy_062_base.png
train,S,S:legacy_062,data/processed/chars/S/legacy_062_blur.png
train,S,S:legacy_062,data/processed/chars/S/legacy_062_dilate.png
train,S,S:legacy_062,data/processed/chars/S/legacy_062_erode.png
train,S,S:legacy_062,data/processed/chars/S/legacy_062_rot+5.png
train,S,S:legacy_062,data/processed/chars/S/legacy_062_rot-5.png
train,S,S:legacy_094,data/processed/chars/S/legacy_094_base.png
train,S,S:legacy_094,data/processed/chars/S/legacy_094_blur.png
train,S,S:legacy_094,data/processed/chars/S/legacy_094_dilate.png
train,S,S:legacy_094,data/processed/chars/S/legacy_094_erode.png
train,S,S:legacy_094,data/processed/chars/S/legacy_094_rot+5.png
train,S,S:legacy_094,data/processed/chars/S/legacy_094_rot-5.png
train,S,S:legacy_126,data/processed/chars/S/legacy_126_base.png
train,S,S:legacy_126,data/processed/chars/S/legacy_126_blur.png
train,S,S:legacy_126,data/processed/chars/S/legacy_126_dilate.png
train,S,S:legacy_126,data/processed/chars/S/legacy_126_erode.png
train,S,S:legacy_126,data/processed/chars/S/legacy_126_rot+5.png
train,S,S:legacy_126,data/processed/chars/S/legacy_126_rot-5.png
train,S,S:legacy_158,data/processed/chars/S/legacy_158_base.png
train,S,S:legacy_158,data/processed/chars/S/legacy_158_blur.png
train,S,S:legacy_158,data/processed/chars/S/legacy_158_dilate.png
train,S,S:legacy_158,data/processed/chars/S/legacy_158_erode.png
train,S,S:legacy_158,data/processed/chars/S/legacy_158_rot+5.png
train,S,S:legacy_158,data/processed/chars/S/legacy_158_rot-5.png
train,T,roboflow:01012021050111492303_BKT5688:02,data/processed/chars/T/01012021050111492303_BKT5688_jpg.rf.1ff7db00c990449324c65ac80814d5ee__02.png
train,T,T:legacy_045,data/processed/chars/T/legacy_045_base.png
train,T,T:legacy_045,data/processed/chars/T/legacy_045_blur.png
train,T,T:legacy_045,data/processed/chars/T/legacy_045_dilate.png
train,T,T:legacy_045,data/processed/chars/T/legacy_045_erode.png
train,T,T:legacy_045,data/processed/chars/T/legacy_045_rot+5.png
train,T,T:legacy_045,data/processed/chars/T/legacy_045_rot-5.png
train,T,T:legacy_077,data/processed/chars/T/legacy_077_base.png
train,T,T:legacy_077,data/processed/chars/T/legacy_077_blur.png
train,T,T:legacy_077,data/processed/chars/T/legacy_077_dilate.png
train,T,T:legacy_077,data/processed/chars/T/legacy_077_erode.png
train,T,T:legacy_077,data/processed/chars/T/legacy_077_rot+5.png
train,T,T:legacy_077,data/processed/chars/T/legacy_077_rot-5.png
train,T,T:legacy_109,data/processed/chars/T/legacy_109_base.png
train,T,T:legacy_109,data/processed/chars/T/legacy_109_blur.png
train,T,T:legacy_109,data/processed/chars/T/legacy_109_dilate.png
train,T,T:legacy_109,data/processed/chars/T/legacy_109_erode.png
train,T,T:legacy_109,data/processed/chars/T/legacy_109_rot+5.png
train,T,T:legacy_109,data/processed/chars/T/legacy_109_rot-5.png
train,T,T:legacy_141,data/processed/chars/T/legacy_141_base.png
train,T,T:legacy_141,data/processed/chars/T/legacy_141_blur.png
train,T,T:legacy_141,data/processed/chars/T/legacy_141_dilate.png
train,T,T:legacy_141,data/processed/chars/T/legacy_141_erode.png
train,T,T:legacy_141,data/processed/chars/T/legacy_141_rot+5.png
train,T,T:legacy_141,data/processed/chars/T/legacy_141_rot-5.png
train,U,roboflow:01012021050111423105_EGHU956170:03,data/processed/chars/U/01012021050111423105_EGHU956170_jpg.rf.0dabed44e04627931675b94376603c31__03.png
train,U,roboflow:01012021050111423105_EGHU956170:03,data/processed/chars/U/01012021050111423105_EGHU956170_jpg.rf.4723479dc7f2d88c08bd0a0636ef5425__03.png
train,U,roboflow:01022021042510261305_GESU617562:03,data/processed/chars/U/01022021042510261305_GESU617562_jpg.rf.d78bebcb061acdb788831d64f6c0b705__03.png
train,U,roboflow:01022021042511402405_ONEU031853:03,data/processed/chars/U/01022021042511402405_ONEU031853_jpg.rf.ea5a8472a14e5f3fcb3c73872f0bb0ce__03.png
train,U,roboflow:01022021042512123505_MSKU593041:03,data/processed/chars/U/01022021042512123505_MSKU593041_jpg.rf.a0a160c379093456e7913d71d5f8f397__03.png
train,U,roboflow:01022021042516210903_MRKU440596:03,data/processed/chars/U/01022021042516210903_MRKU440596_jpg.rf.20a3569277305e38e55d5163446aa12b__03.png
train,U,roboflow:01022021042516210903_MRKU440596:03,data/processed/chars/U/01022021042516210903_MRKU440596_jpg.rf.62a2cdfb86c8f48530d48740c4ca4b25__03.png
train,U,roboflow:01022021042516210903_MRKU440596:03,data/processed/chars/U/01022021042516210903_MRKU440596_jpg.rf.89d244ce3ca5d190280823ede672ea08__03.png
train,U,roboflow:01022021042516502503_MEDU180904:03,data/processed/chars/U/01022021042516502503_MEDU180904_jpg.rf.3e7b2663d5746975ba5f546b2c4bc81b__03.png
train,U,roboflow:01022021042517071805_HLBU141868:03,data/processed/chars/U/01022021042517071805_HLBU141868_jpg.rf.9f0e585cd5a725060269b77958660d83__03.png
train,U,roboflow:01022021042517071805_HLBU141868:03,data/processed/chars/U/01022021042517071805_HLBU141868_jpg.rf.be87ce96d4bc66e167ac23ab35dec623__03.png
train,U,U:legacy_029,data/processed/chars/U/legacy_029_base.png
train,U,U:legacy_029,data/processed/chars/U/legacy_029_blur.png
train,U,U:legacy_029,data/processed/chars/U/legacy_029_dilate.png
train,U,U:legacy_029,data/processed/chars/U/legacy_029_erode.png
train,U,U:legacy_029,data/processed/chars/U/legacy_029_rot+5.png
train,U,U:legacy_029,data/processed/chars/U/legacy_029_rot-5.png
train,U,U:legacy_061,data/processed/chars/U/legacy_061_base.png
train,U,U:legacy_061,data/processed/chars/U/legacy_061_blur.png
train,U,U:legacy_061,data/processed/chars/U/legacy_061_dilate.png
train,U,U:legacy_061,data/processed/chars/U/legacy_061_erode.png
train,U,U:legacy_061,data/processed/chars/U/legacy_061_rot+5.png
train,U,U:legacy_061,data/processed/chars/U/legacy_061_rot-5.png
train,U,U:legacy_093,data/processed/chars/U/legacy_093_base.png
train,U,U:legacy_093,data/processed/chars/U/legacy_093_blur.png
train,U,U:legacy_093,data/processed/chars/U/legacy_093_dilate.png
train,U,U:legacy_093,data/processed/chars/U/legacy_093_erode.png
train,U,U:legacy_093,data/processed/chars/U/legacy_093_rot+5.png
train,U,U:legacy_093,data/processed/chars/U/legacy_093_rot-5.png
train,U,U:legacy_125,data/processed/chars/U/legacy_125_base.png
train,U,U:legacy_125,data/processed/chars/U/legacy_125_blur.png
train,U,U:legacy_125,data/processed/chars/U/legacy_125_dilate.png
train,U,U:legacy_125,data/processed/chars/U/legacy_125_erode.png
train,U,U:legacy_125,data/processed/chars/U/legacy_125_rot+5.png
train,U,U:legacy_125,data/processed/chars/U/legacy_125_rot-5.png
train,V,roboflow:01012021050111573003_VFU1407:00,data/processed/chars/V/01012021050111573003_VFU1407_jpg.rf.109233b4143ef6871152ce555c1b15fa__00.png
train,V,roboflow:01012021050111573003_VFU1407:00,data/processed/chars/V/01012021050111573003_VFU1407_jpg.rf.20a9b5e12e121a03bfbc0774135f704c__00.png
train,V,roboflow:01012021050111573003_VFU1407:00,data/processed/chars/V/01012021050111573003_VFU1407_jpg.rf.ac33db6812f3f6c6c1fcf6a6d98c693a__00.png
train,V,V:legacy_012,data/processed/chars/V/legacy_012_base.png
train,V,V:legacy_012,data/processed/chars/V/legacy_012_blur.png
train,V,V:legacy_012,data/processed/chars/V/legacy_012_dilate.png
train,V,V:legacy_012,data/processed/chars/V/legacy_012_erode.png
train,V,V:legacy_012,data/processed/chars/V/legacy_012_rot+5.png
train,V,V:legacy_012,data/processed/chars/V/legacy_012_rot-5.png
train,V,V:legacy_044,data/processed/chars/V/legacy_044_base.png
train,V,V:legacy_044,data/processed/chars/V/legacy_044_blur.png
train,V,V:legacy_044,data/processed/chars/V/legacy_044_dilate.png
train,V,V:legacy_044,data/processed/chars/V/legacy_044_erode.png
train,V,V:legacy_044,data/processed/chars/V/legacy_044_rot+5.png
train,V,V:legacy_044,data/processed/chars/V/legacy_044_rot-5.png
train,V,V:legacy_076,data/processed/chars/V/legacy_076_base.png
train,V,V:legacy_076,data/processed/chars/V/legacy_076_blur.png
train,V,V:legacy_076,data/processed/chars/V/legacy_076_dilate.png
train,V,V:legacy_076,data/processed/chars/V/legacy_076_erode.png
train,V,V:legacy_076,data/processed/chars/V/legacy_076_rot+5.png
train,V,V:legacy_076,data/processed/chars/V/legacy_076_rot-5.png
train,V,V:legacy_140,data/processed/chars/V/legacy_140_base.png
train,V,V:legacy_140,data/processed/chars/V/legacy_140_blur.png
train,V,V:legacy_140,data/processed/chars/V/legacy_140_dilate.png
train,V,V:legacy_140,data/processed/chars/V/legacy_140_erode.png
train,V,V:legacy_140,data/processed/chars/V/legacy_140_rot+5.png
train,V,V:legacy_140,data/processed/chars/V/legacy_140_rot-5.png
train,X,X:legacy_011,data/processed/chars/X/legacy_011_base.png
train,X,X:legacy_011,data/processed/chars/X/legacy_011_blur.png
train,X,X:legacy_011,data/processed/chars/X/legacy_011_dilate.png
train,X,X:legacy_011,data/processed/chars/X/legacy_011_erode.png
train,X,X:legacy_011,data/processed/chars/X/legacy_011_rot+5.png
train,X,X:legacy_011,data/processed/chars/X/legacy_011_rot-5.png
train,X,X:legacy_043,data/processed/chars/X/legacy_043_base.png
train,X,X:legacy_043,data/processed/chars/X/legacy_043_blur.png
train,X,X:legacy_043,data/processed/chars/X/legacy_043_dilate.png
train,X,X:legacy_043,data/processed/chars/X/legacy_043_erode.png
train,X,X:legacy_043,data/processed/chars/X/legacy_043_rot+5.png
train,X,X:legacy_043,data/processed/chars/X/legacy_043_rot-5.png
train,X,X:legacy_075,data/processed/chars/X/legacy_075_base.png
train,X,X:legacy_075,data/processed/chars/X/legacy_075_blur.png
train,X,X:legacy_075,data/processed/chars/X/legacy_075_dilate.png
train,X,X:legacy_075,data/processed/chars/X/legacy_075_erode.png
train,X,X:legacy_075,data/processed/chars/X/legacy_075_rot+5.png
train,X,X:legacy_075,data/processed/chars/X/legacy_075_rot-5.png
train,X,X:legacy_139,data/processed/chars/X/legacy_139_base.png
train,X,X:legacy_139,data/processed/chars/X/legacy_139_blur.png
train,X,X:legacy_139,data/processed/chars/X/legacy_139_dilate.png
train,X,X:legacy_139,data/processed/chars/X/legacy_139_erode.png
train,X,X:legacy_139,data/processed/chars/X/legacy_139_rot+5.png
train,X,X:legacy_139,data/processed/chars/X/legacy_139_rot-5.png
train,Y,Y:legacy_010,data/processed/chars/Y/legacy_010_base.png
train,Y,Y:legacy_010,data/processed/chars/Y/legacy_010_blur.png
train,Y,Y:legacy_010,data/processed/chars/Y/legacy_010_dilate.png
train,Y,Y:legacy_010,data/processed/chars/Y/legacy_010_erode.png
train,Y,Y:legacy_010,data/processed/chars/Y/legacy_010_rot+5.png
train,Y,Y:legacy_010,data/processed/chars/Y/legacy_010_rot-5.png
train,Y,Y:legacy_074,data/processed/chars/Y/legacy_074_base.png
train,Y,Y:legacy_074,data/processed/chars/Y/legacy_074_blur.png
train,Y,Y:legacy_074,data/processed/chars/Y/legacy_074_dilate.png
train,Y,Y:legacy_074,data/processed/chars/Y/legacy_074_erode.png
train,Y,Y:legacy_074,data/processed/chars/Y/legacy_074_rot+5.png
train,Y,Y:legacy_074,data/processed/chars/Y/legacy_074_rot-5.png
train,Y,Y:legacy_138,data/processed/chars/Y/legacy_138_base.png
train,Y,Y:legacy_138,data/processed/chars/Y/legacy_138_blur.png
train,Y,Y:legacy_138,data/processed/chars/Y/legacy_138_dilate.png
train,Y,Y:legacy_138,data/processed/chars/Y/legacy_138_erode.png
train,Y,Y:legacy_138,data/processed/chars/Y/legacy_138_rot+5.png
train,Y,Y:legacy_138,data/processed/chars/Y/legacy_138_rot-5.png
train,Z,Z:legacy_041,data/processed/chars/Z/legacy_041_base.png
train,Z,Z:legacy_041,data/processed/chars/Z/legacy_041_blur.png
train,Z,Z:legacy_041,data/processed/chars/Z/legacy_041_dilate.png
train,Z,Z:legacy_041,data/processed/chars/Z/legacy_041_erode.png
train,Z,Z:legacy_041,data/processed/chars/Z/legacy_041_rot+5.png
train,Z,Z:legacy_041,data/processed/chars/Z/legacy_041_rot-5.png
train,Z,Z:legacy_073,data/processed/chars/Z/legacy_073_base.png
train,Z,Z:legacy_073,data/processed/chars/Z/legacy_073_blur.png
train,Z,Z:legacy_073,data/processed/chars/Z/legacy_073_dilate.png
train,Z,Z:legacy_073,data/processed/chars/Z/legacy_073_erode.png
train,Z,Z:legacy_073,data/processed/chars/Z/legacy_073_rot+5.png
train,Z,Z:legacy_073,data/processed/chars/Z/legacy_073_rot-5.png
train,Z,Z:legacy_105,data/processed/chars/Z/legacy_105_base.png
train,Z,Z:legacy_105,data/processed/chars/Z/legacy_105_blur.png
train,Z,Z:legacy_105,data/processed/chars/Z/legacy_105_dilate.png
train,Z,Z:legacy_105,data/processed/chars/Z/legacy_105_erode.png
train,Z,Z:legacy_105,data/processed/chars/Z/legacy_105_rot+5.png
train,Z,Z:legacy_105,data/processed/chars/Z/legacy_105_rot-5.png
train,Z,Z:legacy_137,data/processed/chars/Z/legacy_137_base.png
train,Z,Z:legacy_137,data/processed/chars/Z/legacy_137_blur.png
train,Z,Z:legacy_137,data/processed/chars/Z/legacy_137_dilate.png
train,Z,Z:legacy_137,data/processed/chars/Z/legacy_137_erode.png
train,Z,Z:legacy_137,data/processed/chars/Z/legacy_137_rot+5.png
train,Z,Z:legacy_137,data/processed/chars/Z/legacy_137_rot-5.png
valid,0,roboflow:01012021050111423105_EGHU956170:09,data/processed/chars/0/01012021050111423105_EGHU956170_jpg.rf.0dabed44e04627931675b94376603c31__09.png
valid,0,roboflow:01012021050111423105_EGHU956170:09,data/processed/chars/0/01012021050111423105_EGHU956170_jpg.rf.4723479dc7f2d88c08bd0a0636ef5425__09.png
valid,0,roboflow:01012021050111573003_VFU1407:05,data/processed/chars/0/01012021050111573003_VFU1407_jpg.rf.109233b4143ef6871152ce555c1b15fa__05.png
valid,0,roboflow:01012021050111573003_VFU1407:05,data/processed/chars/0/01012021050111573003_VFU1407_jpg.rf.20a9b5e12e121a03bfbc0774135f704c__05.png
valid,0,roboflow:01012021050111573003_VFU1407:05,data/processed/chars/0/01012021050111573003_VFU1407_jpg.rf.ac33db6812f3f6c6c1fcf6a6d98c693a__05.png
valid,0,roboflow:01022021042512123505_MSKU593041:07,data/processed/chars/0/01022021042512123505_MSKU593041_jpg.rf.a0a160c379093456e7913d71d5f8f397__07.png
valid,0,roboflow:01022021042516210903_MRKU440596:06,data/processed/chars/0/01022021042516210903_MRKU440596_jpg.rf.20a3569277305e38e55d5163446aa12b__06.png
valid,0,roboflow:01022021042516210903_MRKU440596:06,data/processed/chars/0/01022021042516210903_MRKU440596_jpg.rf.62a2cdfb86c8f48530d48740c4ca4b25__06.png
valid,0,roboflow:01022021042516210903_MRKU440596:06,data/processed/chars/0/01022021042516210903_MRKU440596_jpg.rf.89d244ce3ca5d190280823ede672ea08__06.png
valid,0,roboflow:01022021042516502503_MEDU180904:06,data/processed/chars/0/01022021042516502503_MEDU180904_jpg.rf.3e7b2663d5746975ba5f546b2c4bc81b__06.png
valid,0,0:legacy_008,data/processed/chars/0/legacy_008_base.png
valid,0,0:legacy_008,data/processed/chars/0/legacy_008_blur.png
valid,0,0:legacy_008,data/processed/chars/0/legacy_008_dilate.png
valid,0,0:legacy_008,data/processed/chars/0/legacy_008_erode.png
valid,0,0:legacy_008,data/processed/chars/0/legacy_008_rot+5.png
valid,0,0:legacy_008,data/processed/chars/0/legacy_008_rot-5.png
valid,0,0:legacy_040,data/processed/chars/0/legacy_040_base.png
valid,0,0:legacy_040,data/processed/chars/0/legacy_040_blur.png
valid,0,0:legacy_040,data/processed/chars/0/legacy_040_dilate.png
valid,0,0:legacy_040,data/processed/chars/0/legacy_040_erode.png
valid,0,0:legacy_040,data/processed/chars/0/legacy_040_rot+5.png
valid,0,0:legacy_040,data/processed/chars/0/legacy_040_rot-5.png
valid,3,roboflow:01012021050111535305_BPE5635:05,data/processed/chars/3/01012021050111535305_BPE5635_jpg.rf.000f7e8f32cf95b34131901ea9ea9d79__05.png
valid,3,roboflow:01012021050111535305_BPE5635:05,data/processed/chars/3/01012021050111535305_BPE5635_jpg.rf.2ab8273afdc89c48f5b9745afe0c9de6__05.png
valid,3,3:legacy_006,data/processed/chars/3/legacy_006_base.png
valid,3,3:legacy_006,data/processed/chars/3/legacy_006_blur.png
valid,3,3:legacy_006,data/processed/chars/3/legacy_006_dilate.png
valid,3,3:legacy_006,data/processed/chars/3/legacy_006_erode.png
valid,3,3:legacy_006,data/processed/chars/3/legacy_006_rot+5.png
valid,3,3:legacy_006,data/processed/chars/3/legacy_006_rot-5.png
valid,3,3:legacy_134,data/processed/chars/3/legacy_134_base.png
valid,3,3:legacy_134,data/processed/chars/3/legacy_134_blur.png
valid,3,3:legacy_134,data/processed/chars/3/legacy_134_dilate.png
valid,3,3:legacy_134,data/processed/chars/3/legacy_134_erode.png
valid,3,3:legacy_134,data/processed/chars/3/legacy_134_rot+5.png
valid,3,3:legacy_134,data/processed/chars/3/legacy_134_rot-5.png
valid,4,roboflow:01012021050111573003_VFU1407:04,data/processed/chars/4/01012021050111573003_VFU1407_jpg.rf.109233b4143ef6871152ce555c1b15fa__04.png
valid,4,roboflow:01012021050111573003_VFU1407:04,data/processed/chars/4/01012021050111573003_VFU1407_jpg.rf.20a9b5e12e121a03bfbc0774135f704c__04.png
valid,4,roboflow:01012021050111573003_VFU1407:04,data/processed/chars/4/01012021050111573003_VFU1407_jpg.rf.ac33db6812f3f6c6c1fcf6a6d98c693a__04.png
valid,4,4:legacy_101,data/processed/chars/4/legacy_101_base.png
valid,4,4:legacy_101,data/processed/chars/4/legacy_101_blur.png
valid,4,4:legacy_101,data/processed/chars/4/legacy_101_dilate.png
valid,4,4:legacy_101,data/processed/chars/4/legacy_101_erode.png
valid,4,4:legacy_101,data/processed/chars/4/legacy_101_rot+5.png
valid,4,4:legacy_101,data/processed/chars/4/legacy_101_rot-5.png
valid,5,roboflow:01012021050111535305_BPE5635:03,data/processed/chars/5/01012021050111535305_BPE5635_jpg.rf.000f7e8f32cf95b34131901ea9ea9d79__03.png
valid,5,roboflow:01012021050111535305_BPE5635:03,data/processed/chars/5/01012021050111535305_BPE5635_jpg.rf.2ab8273afdc89c48f5b9745afe0c9de6__03.png
valid,5,roboflow:01022021042510261305_GESU617562:07,data/processed/chars/5/01022021042510261305_GESU617562_jpg.rf.d78bebcb061acdb788831d64f6c0b705__07.png
valid,7,roboflow:01012021050111454903_BMH774:04,data/processed/chars/7/01012021050111454903_BMH774_jpg.rf.dea4964e8201cdfbee5db9d025adcde9__04.png
valid,7,7:legacy_066,data/processed/chars/7/legacy_066_base.png
valid,7,7:legacy_066,data/processed/chars/7/legacy_066_blur.png
valid,7,7:legacy_066,data/processed/chars/7/legacy_066_dilate.png
valid,7,7:legacy_066,data/processed/chars/7/legacy_066_erode.png
valid,7,7:legacy_066,data/processed/chars/7/legacy_066_rot+5.png
valid,7,7:legacy_066,data/processed/chars/7/legacy_066_rot-5.png
valid,8,roboflow:01012021050111492303_BKT5688:06,data/processed/chars/8/01012021050111492303_BKT5688_jpg.rf.1ff7db00c990449324c65ac80814d5ee__06.png
valid,8,8:legacy_033,data/processed/chars/8/legacy_033_base.png
valid,8,8:legacy_033,data/processed/chars/8/legacy_033_blur.png
valid,8,8:legacy_033,data/processed/chars/8/legacy_033_dilate.png
valid,8,8:legacy_033,data/processed/chars/8/legacy_033_erode.png
valid,8,8:legacy_033,data/processed/chars/8/legacy_033_rot+5.png
valid,8,8:legacy_033,data/processed/chars/8/legacy_033_rot-5.png
valid,A,A:legacy_027,data/processed/chars/A/legacy_027_base.png
valid,A,A:legacy_027,data/processed/chars/A/legacy_027_blur.png
valid,A,A:legacy_027,data/processed/chars/A/legacy_027_dilate.png
valid,A,A:legacy_027,data/processed/chars/A/legacy_027_erode.png
valid,A,A:legacy_027,data/processed/chars/A/legacy_027_rot+5.png
valid,A,A:legacy_027,data/processed/chars/A/legacy_027_rot-5.png
valid,A,A:legacy_059,data/processed/chars/A/legacy_059_base.png
valid,A,A:legacy_059,data/processed/chars/A/legacy_059_blur.png
valid,A,A:legacy_059,data/processed/chars/A/legacy_059_dilate.png
valid,A,A:legacy_059,data/processed/chars/A/legacy_059_erode.png
valid,A,A:legacy_059,data/processed/chars/A/legacy_059_rot+5.png
valid,A,A:legacy_059,data/processed/chars/A/legacy_059_rot-5.png
valid,E,roboflow:01012021050111264805_EMCU981331:00,data/processed/chars/E/01012021050111264805_EMCU981331_jpg.rf.a365d71980c70b9836741a1907a5e3cd__00.png
valid,E,roboflow:01012021050111264805_EMCU981331:00,data/processed/chars/E/01012021050111264805_EMCU981331_jpg.rf.f78de3c40bdbc2a634bc0edc52082014__00.png
valid,E,E:legacy_023,data/processed/chars/E/legacy_023_base.png
valid,E,E:legacy_023,data/processed/chars/E/legacy_023_blur.png
valid,E,E:legacy_023,data/processed/chars/E/legacy_023_dilate.png
valid,E,E:legacy_023,data/processed/chars/E/legacy_023_erode.png
valid,E,E:legacy_023,data/processed/chars/E/legacy_023_rot+5.png
valid,E,E:legacy_023,data/processed/chars/E/legacy_023_rot-5.png
valid,E,E:legacy_087,data/processed/chars/E/legacy_087_base.png
valid,E,E:legacy_087,data/processed/chars/E/legacy_087_blur.png
valid,E,E:legacy_087,data/processed/chars/E/legacy_087_dilate.png
valid,E,E:legacy_087,data/processed/chars/E/legacy_087_erode.png
valid,E,E:legacy_087,data/processed/chars/E/legacy_087_rot+5.png
valid,E,E:legacy_087,data/processed/chars/E/legacy_087_rot-5.png
valid,G,roboflow:01012021050111423105_EGHU956170:01,data/processed/chars/G/01012021050111423105_EGHU956170_jpg.rf.0dabed44e04627931675b94376603c31__01.png
valid,G,roboflow:01012021050111423105_EGHU956170:01,data/processed/chars/G/01012021050111423105_EGHU956170_jpg.rf.4723479dc7f2d88c08bd0a0636ef5425__01.png
valid,M,roboflow:01012021050111264805_EMCU981331:01,data/processed/chars/M/01012021050111264805_EMCU981331_jpg.rf.a365d71980c70b9836741a1907a5e3cd__01.png
valid,M,roboflow:01012021050111264805_EMCU981331:01,data/processed/chars/M/01012021050111264805_EMCU981331_jpg.rf.f78de3c40bdbc2a634bc0edc52082014__01.png
valid,M,M:legacy_082,data/processed/chars/M/legacy_082_base.png
valid,M,M:legacy_082,data/processed/chars/M/legacy_082_blur.png
valid,M,M:legacy_082,data/processed/chars/M/legacy_082_dilate.png
valid,M,M:legacy_082,data/processed/chars/M/legacy_082_erode.png
valid,M,M:legacy_082,data/processed/chars/M/legacy_082_rot+5.png
valid,M,M:legacy_082,data/processed/chars/M/legacy_082_rot-5.png
valid,N,roboflow:01022021042511402405_ONEU031853:01,data/processed/chars/N/01022021042511402405_ONEU031853_jpg.rf.ea5a8472a14e5f3fcb3c73872f0bb0ce__01.png
valid,N,N:legacy_017,data/processed/chars/N/legacy_017_base.png
valid,N,N:legacy_017,data/processed/chars/N/legacy_017_blur.png
valid,N,N:legacy_017,data/processed/chars/N/legacy_017_dilate.png
valid,N,N:legacy_017,data/processed/chars/N/legacy_017_erode.png
valid,N,N:legacy_017,data/processed/chars/N/legacy_017_rot+5.png
valid,N,N:legacy_017,data/processed/chars/N/legacy_017_rot-5.png
valid,N,N:legacy_049,data/processed/chars/N/legacy_049_base.png
valid,N,N:legacy_049,data/processed/chars/N/legacy_049_blur.png
valid,N,N:legacy_049,data/processed/chars/N/legacy_049_dilate.png
valid,N,N:legacy_049,data/processed/chars/N/legacy_049_erode.png
valid,N,N:legacy_049,data/processed/chars/N/legacy_049_rot+5.png
valid,N,N:legacy_049,data/processed/chars/N/legacy_049_rot-5.png
valid,N,N:legacy_081,data/processed/chars/N/legacy_081_base.png
valid,N,N:legacy_081,data/processed/chars/N/legacy_081_blur.png
valid,N,N:legacy_081,data/processed/chars/N/legacy_081_dilate.png
valid,N,N:legacy_081,data/processed/chars/N/legacy_081_erode.png
valid,N,N:legacy_081,data/processed/chars/N/legacy_081_rot+5.png
valid,N,N:legacy_081,data/processed/chars/N/legacy_081_rot-5.png
valid,Q,Q:legacy_015,data/processed/chars/Q/legacy_015_base.png
valid,Q,Q:legacy_015,data/processed/chars/Q/legacy_015_blur.png
valid,Q,Q:legacy_015,data/processed/chars/Q/legacy_015_dilate.png
valid,Q,Q:legacy_015,data/processed/chars/Q/legacy_015_erode.png
valid,Q,Q:legacy_015,data/processed/chars/Q/legacy_015_rot+5.png
valid,Q,Q:legacy_015,data/processed/chars/Q/legacy_015_rot-5.png
valid,R,R:legacy_142,data/processed/chars/R/legacy_142_base.png
valid,R,R:legacy_142,data/processed/chars/R/legacy_142_blur.png
valid,R,R:legacy_142,data/processed/chars/R/legacy_142_dilate.png
valid,R,R:legacy_142,data/processed/chars/R/legacy_142_erode.png
valid,R,R:legacy_142,data/processed/chars/R/legacy_142_rot+5.png
valid,R,R:legacy_142,data/processed/chars/R/legacy_142_rot-5.png
valid,U,roboflow:01012021050111573003_VFU1407:02,data/processed/chars/U/01012021050111573003_VFU1407_jpg.rf.109233b4143ef6871152ce555c1b15fa__02.png
valid,U,roboflow:01012021050111573003_VFU1407:02,data/processed/chars/U/01012021050111573003_VFU1407_jpg.rf.20a9b5e12e121a03bfbc0774135f704c__02.png
valid,U,roboflow:01012021050111573003_VFU1407:02,data/processed/chars/U/01012021050111573003_VFU1407_jpg.rf.ac33db6812f3f6c6c1fcf6a6d98c693a__02.png
valid,U,roboflow:01022021042512345103_OOCU721691:03,data/processed/chars/U/01022021042512345103_OOCU721691_jpg.rf.2f8eb31378b114e1cd85323d92dfa1fe__03.png
valid,U,roboflow:01022021042512345505_OOCU721691:03,data/processed/chars/U/01022021042512345505_OOCU721691_jpg.rf.18c2ddd14d88434b3601c921459dd2d8__03.png
valid,U,roboflow:01022021042516492903_NYKU428790:03,data/processed/chars/U/01022021042516492903_NYKU428790_jpg.rf.07259351d3b2a8de08c9009075cf0ee1__03.png
valid,Y,Y:legacy_042,data/processed/chars/Y/legacy_042_base.png
valid,Y,Y:legacy_042,data/processed/chars/Y/legacy_042_blur.png
valid,Y,Y:legacy_042,data/processed/chars/Y/legacy_042_dilate.png
valid,Y,Y:legacy_042,data/processed/chars/Y/legacy_042_erode.png
valid,Y,Y:legacy_042,data/processed/chars/Y/legacy_042_rot+5.png
valid,Y,Y:legacy_042,data/processed/chars/Y/legacy_042_rot-5.png
valid,Y,Y:legacy_106,data/processed/chars/Y/legacy_106_base.png
valid,Y,Y:legacy_106,data/processed/chars/Y/legacy_106_blur.png
valid,Y,Y:legacy_106,data/processed/chars/Y/legacy_106_dilate.png
valid,Y,Y:legacy_106,data/processed/chars/Y/legacy_106_erode.png
valid,Y,Y:legacy_106,data/processed/chars/Y/legacy_106_rot+5.png
valid,Y,Y:legacy_106,data/processed/chars/Y/legacy_106_rot-5.png
test,0,roboflow:01022021042516492903_NYKU428790:09,data/processed/chars/0/01022021042516492903_NYKU428790_jpg.rf.07259351d3b2a8de08c9009075cf0ee1__09.png
test,0,roboflow:01022021042516502503_MEDU180904:08,data/processed/chars/0/01022021042516502503_MEDU180904_jpg.rf.3e7b2663d5746975ba5f546b2c4bc81b__08.png
test,1,roboflow:01022021042511402405_ONEU031853:06,data/processed/chars/1/01022021042511402405_ONEU031853_jpg.rf.ea5a8472a14e5f3fcb3c73872f0bb0ce__06.png
test,1,roboflow:01022021042512345505_OOCU721691:09,data/processed/chars/1/01022021042512345505_OOCU721691_jpg.rf.18c2ddd14d88434b3601c921459dd2d8__09.png
test,1,1:legacy_060,data/processed/chars/1/legacy_060_base.png
test,1,1:legacy_060,data/processed/chars/1/legacy_060_blur.png
test,1,1:legacy_060,data/processed/chars/1/legacy_060_dilate.png
test,1,1:legacy_060,data/processed/chars/1/legacy_060_erode.png
test,1,1:legacy_060,data/processed/chars/1/legacy_060_rot+5.png
test,1,1:legacy_060,data/processed/chars/1/legacy_060_rot-5.png
test,1,1:legacy_156,data/processed/chars/1/legacy_156_base.png
test,1,1:legacy_156,data/processed/chars/1/legacy_156_blur.png
test,1,1:legacy_156,data/processed/chars/1/legacy_156_dilate.png
test,1,1:legacy_156,data/processed/chars/1/legacy_156_erode.png
test,1,1:legacy_156,data/processed/chars/1/legacy_156_rot+5.png
test,1,1:legacy_156,data/processed/chars/1/legacy_156_rot-5.png
test,2,roboflow:01022021042516492903_NYKU428790:05,data/processed/chars/2/01022021042516492903_NYKU428790_jpg.rf.07259351d3b2a8de08c9009075cf0ee1__05.png
test,3,roboflow:01022021042511402405_ONEU031853:09,data/processed/chars/3/01022021042511402405_ONEU031853_jpg.rf.ea5a8472a14e5f3fcb3c73872f0bb0ce__09.png
test,3,roboflow:01022021042512123505_MSKU593041:06,data/processed/chars/3/01022021042512123505_MSKU593041_jpg.rf.a0a160c379093456e7913d71d5f8f397__06.png
test,4,roboflow:01022021042516502503_MEDU180904:09,data/processed/chars/4/01022021042516502503_MEDU180904_jpg.rf.3e7b2663d5746975ba5f546b2c4bc81b__09.png
test,4,4:legacy_037,data/processed/chars/4/legacy_037_base.png
test,4,4:legacy_037,data/processed/chars/4/legacy_037_blur.png
test,4,4:legacy_037,data/processed/chars/4/legacy_037_dilate.png
test,4,4:legacy_037,data/processed/chars/4/legacy_037_erode.png
test,4,4:legacy_037,data/processed/chars/4/legacy_037_rot+5.png
test,4,4:legacy_037,data/processed/chars/4/legacy_037_rot-5.png
test,5,roboflow:01012021050111535305_BPE5635:06,data/processed/chars/5/01012021050111535305_BPE5635_jpg.rf.000f7e8f32cf95b34131901ea9ea9d79__06.png
test,5,roboflow:01012021050111535305_BPE5635:06,data/processed/chars/5/01012021050111535305_BPE5635_jpg.rf.2ab8273afdc89c48f5b9745afe0c9de6__06.png
test,5,roboflow:01012021050111565605_KDU5288:03,data/processed/chars/5/01012021050111565605_KDU5288_jpg.rf.17ed8a35c62e1565729bdd6da73d0a96__03.png
test,5,roboflow:01012021050111565605_KDU5288:03,data/processed/chars/5/01012021050111565605_KDU5288_jpg.rf.1d1ff0bd6ee61e492cd7370d621895a5__03.png
test,5,roboflow:01012021050111565605_KDU5288:03,data/processed/chars/5/01012021050111565605_KDU5288_jpg.rf.6e0dc927efc776ba9be7bf2870fefc52__03.png
test,5,roboflow:01012021050111565605_KDU5288:03,data/processed/chars/5/01012021050111565605_KDU5288_jpg.rf.96325e863832db32e0510674c5f95732__03.png
test,5,roboflow:01012021050111565605_KDU5288:03,data/processed/chars/5/01012021050111565605_KDU5288_jpg.rf.d806fe5b8e155ac41f426188daabf70f__03.png
test,5,5:legacy_004,data/processed/chars/5/legacy_004_base.png
test,5,5:legacy_004,data/processed/chars/5/legacy_004_blur.png
test,5,5:legacy_004,data/processed/chars/5/legacy_004_dilate.png
test,5,5:legacy_004,data/processed/chars/5/legacy_004_erode.png
test,5,5:legacy_004,data/processed/chars/5/legacy_004_rot+5.png
test,5,5:legacy_004,data/processed/chars/5/legacy_004_rot-5.png
test,6,6:legacy_067,data/processed/chars/6/legacy_067_base.png
test,6,6:legacy_067,data/processed/chars/6/legacy_067_blur.png
test,6,6:legacy_067,data/processed/chars/6/legacy_067_dilate.png
test,6,6:legacy_067,data/processed/chars/6/legacy_067_erode.png
test,6,6:legacy_067,data/processed/chars/6/legacy_067_rot+5.png
test,6,6:legacy_067,data/processed/chars/6/legacy_067_rot-5.png
test,6,6:legacy_099,data/processed/chars/6/legacy_099_base.png
test,6,6:legacy_099,data/processed/chars/6/legacy_099_blur.png
test,6,6:legacy_099,data/processed/chars/6/legacy_099_dilate.png
test,6,6:legacy_099,data/processed/chars/6/legacy_099_erode.png
test,6,6:legacy_099,data/processed/chars/6/legacy_099_rot+5.png
test,6,6:legacy_099,data/processed/chars/6/legacy_099_rot-5.png
test,6,6:legacy_131,data/processed/chars/6/legacy_131_base.png
test,6,6:legacy_131,data/processed/chars/6/legacy_131_blur.png
test,6,6:legacy_131,data/processed/chars/6/legacy_131_dilate.png
test,6,6:legacy_131,data/processed/chars/6/legacy_131_erode.png
test,6,6:legacy_131,data/processed/chars/6/legacy_131_rot+5.png
test,6,6:legacy_131,data/processed/chars/6/legacy_131_rot-5.png
test,7,roboflow:01012021050111423105_EGHU956170:08,data/processed/chars/7/01012021050111423105_EGHU956170_jpg.rf.0dabed44e04627931675b94376603c31__08.png
test,7,roboflow:01012021050111423105_EGHU956170:08,data/processed/chars/7/01012021050111423105_EGHU956170_jpg.rf.4723479dc7f2d88c08bd0a0636ef5425__08.png
test,7,roboflow:01022021042512345505_OOCU721691:04,data/processed/chars/7/01022021042512345505_OOCU721691_jpg.rf.18c2ddd14d88434b3601c921459dd2d8__04.png
test,8,8:legacy_065,data/processed/chars/8/legacy_065_base.png
test,8,8:legacy_065,data/processed/chars/8/legacy_065_blur.png
test,8,8:legacy_065,data/processed/chars/8/legacy_065_dilate.png
test,8,8:legacy_065,data/processed/chars/8/legacy_065_erode.png
test,8,8:legacy_065,data/processed/chars/8/legacy_065_rot+5.png
test,8,8:legacy_065,data/processed/chars/8/legacy_065_rot-5.png
test,8,8:legacy_097,data/processed/chars/8/legacy_097_base.png
test,8,8:legacy_097,data/processed/chars/8/legacy_097_blur.png
test,8,8:legacy_097,data/processed/chars/8/legacy_097_dilate.png
test,8,8:legacy_097,data/processed/chars/8/legacy_097_erode.png
test,8,8:legacy_097,data/processed/chars/8/legacy_097_rot+5.png
test,8,8:legacy_097,data/processed/chars/8/legacy_097_rot-5.png
test,9,roboflow:01022021042512345103_OOCU721691:08,data/processed/chars/9/01022021042512345103_OOCU721691_jpg.rf.2f8eb31378b114e1cd85323d92dfa1fe__08.png
test,9,roboflow:01022021042516210903_MRKU440596:08,data/processed/chars/9/01022021042516210903_MRKU440596_jpg.rf.20a3569277305e38e55d5163446aa12b__08.png
test,9,roboflow:01022021042516210903_MRKU440596:08,data/processed/chars/9/01022021042516210903_MRKU440596_jpg.rf.62a2cdfb86c8f48530d48740c4ca4b25__08.png
test,9,roboflow:01022021042516210903_MRKU440596:08,data/processed/chars/9/01022021042516210903_MRKU440596_jpg.rf.89d244ce3ca5d190280823ede672ea08__08.png
test,9,9:legacy_096,data/processed/chars/9/legacy_096_base.png
test,9,9:legacy_096,data/processed/chars/9/legacy_096_blur.png
test,9,9:legacy_096,data/processed/chars/9/legacy_096_dilate.png
test,9,9:legacy_096,data/processed/chars/9/legacy_096_erode.png
test,9,9:legacy_096,data/processed/chars/9/legacy_096_rot+5.png
test,9,9:legacy_096,data/processed/chars/9/legacy_096_rot-5.png
test,A,A:legacy_155,data/processed/chars/A/legacy_155_base.png
test,A,A:legacy_155,data/processed/chars/A/legacy_155_blur.png
test,A,A:legacy_155,data/processed/chars/A/legacy_155_dilate.png
test,A,A:legacy_155,data/processed/chars/A/legacy_155_erode.png
test,A,A:legacy_155,data/processed/chars/A/legacy_155_rot+5.png
test,A,A:legacy_155,data/processed/chars/A/legacy_155_rot-5.png
test,B,B:legacy_026,data/processed/chars/B/legacy_026_base.png
test,B,B:legacy_026,data/processed/chars/B/legacy_026_blur.png
test,B,B:legacy_026,data/processed/chars/B/legacy_026_dilate.png
test,B,B:legacy_026,data/processed/chars/B/legacy_026_erode.png
test,B,B:legacy_026,data/processed/chars/B/legacy_026_rot+5.png
test,B,B:legacy_026,data/processed/chars/B/legacy_026_rot-5.png
test,C,C:legacy_121,data/processed/chars/C/legacy_121_base.png
test,C,C:legacy_121,data/processed/chars/C/legacy_121_blur.png
test,C,C:legacy_121,data/processed/chars/C/legacy_121_dilate.png
test,C,C:legacy_121,data/processed/chars/C/legacy_121_erode.png
test,C,C:legacy_121,data/processed/chars/C/legacy_121_rot+5.png
test,C,C:legacy_121,data/processed/chars/C/legacy_121_rot-5.png
test,C,C:legacy_153,data/processed/chars/C/legacy_153_base.png
test,C,C:legacy_153,data/processed/chars/C/legacy_153_blur.png
test,C,C:legacy_153,data/processed/chars/C/legacy_153_dilate.png
test,C,C:legacy_153,data/processed/chars/C/legacy_153_erode.png
test,C,C:legacy_153,data/processed/chars/C/legacy_153_rot+5.png
test,C,C:legacy_153,data/processed/chars/C/legacy_153_rot-5.png
test,D,roboflow:01012021050111565605_KDU5288:01,data/processed/chars/D/01012021050111565605_KDU5288_jpg.rf.17ed8a35c62e1565729bdd6da73d0a96__01.png
test,D,roboflow:01012021050111565605_KDU5288:01,data/processed/chars/D/01012021050111565605_KDU5288_jpg.rf.1d1ff0bd6ee61e492cd7370d621895a5__01.png
test,D,roboflow:01012021050111565605_KDU5288:01,data/processed/chars/D/01012021050111565605_KDU5288_jpg.rf.6e0dc927efc776ba9be7bf2870fefc52__01.png
test,D,roboflow:01012021050111565605_KDU5288:01,data/processed/chars/D/01012021050111565605_KDU5288_jpg.rf.96325e863832db32e0510674c5f95732__01.png
test,D,roboflow:01012021050111565605_KDU5288:01,data/processed/chars/D/01012021050111565605_KDU5288_jpg.rf.d806fe5b8e155ac41f426188daabf70f__01.png
test,D,D:legacy_024,data/processed/chars/D/legacy_024_base.png
test,D,D:legacy_024,data/processed/chars/D/legacy_024_blur.png
test,D,D:legacy_024,data/processed/chars/D/legacy_024_dilate.png
test,D,D:legacy_024,data/processed/chars/D/legacy_024_erode.png
test,D,D:legacy_024,data/processed/chars/D/legacy_024_rot+5.png
test,D,D:legacy_024,data/processed/chars/D/legacy_024_rot-5.png
test,E,roboflow:01022021042511402405_ONEU031853:02,data/processed/chars/E/01022021042511402405_ONEU031853_jpg.rf.ea5a8472a14e5f3fcb3c73872f0bb0ce__02.png
test,E,E:legacy_119,data/processed/chars/E/legacy_119_base.png
test,E,E:legacy_119,data/processed/chars/E/legacy_119_blur.png
test,E,E:legacy_119,data/processed/chars/E/legacy_119_dilate.png
test,E,E:legacy_119,data/processed/chars/E/legacy_119_erode.png
test,E,E:legacy_119,data/processed/chars/E/legacy_119_rot+5.png
test,E,E:legacy_119,data/processed/chars/E/legacy_119_rot-5.png
test,F,F:legacy_022,data/processed/chars/F/legacy_022_base.png
test,F,F:legacy_022,data/processed/chars/F/legacy_022_blur.png
test,F,F:legacy_022,data/processed/chars/F/legacy_022_dilate.png
test,F,F:legacy_022,data/processed/chars/F/legacy_022_erode.png
test,F,F:legacy_022,data/processed/chars/F/legacy_022_rot+5.png
test,F,F:legacy_022,data/processed/chars/F/legacy_022_rot-5.png
test,G,G:legacy_095,data/processed/chars/G/legacy_095_base.png
test,G,G:legacy_095,data/processed/chars/G/legacy_095_blur.png
test,G,G:legacy_095,data/processed/chars/G/legacy_095_dilate.png
test,G,G:legacy_095,data/processed/chars/G/legacy_095_erode.png
test,G,G:legacy_095,data/processed/chars/G/legacy_095_rot+5.png
test,G,G:legacy_095,data/processed/chars/G/legacy_095_rot-5.png
test,H,H:legacy_021,data/processed/chars/H/legacy_021_base.png
test,H,H:legacy_021,data/processed/chars/H/legacy_021_blur.png
test,H,H:legacy_021,data/processed/chars/H/legacy_021_dilate.png
test,H,H:legacy_021,data/processed/chars/H/legacy_021_erode.png
test,H,H:legacy_021,data/processed/chars/H/legacy_021_rot+5.png
test,H,H:legacy_021,data/processed/chars/H/legacy_021_rot-5.png
test,H,H:legacy_149,data/processed/chars/H/legacy_149_base.png
test,H,H:legacy_149,data/processed/chars/H/legacy_149_blur.png
test,H,H:legacy_149,data/processed/chars/H/legacy_149_dilate.png
test,H,H:legacy_149,data/processed/chars/H/legacy_149_erode.png
test,H,H:legacy_149,data/processed/chars/H/legacy_149_rot+5.png
test,H,H:legacy_149,data/processed/chars/H/legacy_149_rot-5.png
test,K,roboflow:01012021050111492303_BKT5688:01,data/processed/chars/K/01012021050111492303_BKT5688_jpg.rf.1ff7db00c990449324c65ac80814d5ee__01.png
test,K,K:legacy_084,data/processed/chars/K/legacy_084_base.png
test,K,K:legacy_084,data/processed/chars/K/legacy_084_blur.png
test,K,K:legacy_084,data/processed/chars/K/legacy_084_dilate.png
test,K,K:legacy_084,data/processed/chars/K/legacy_084_erode.png
test,K,K:legacy_084,data/processed/chars/K/legacy_084_rot+5.png
test,K,K:legacy_084,data/processed/chars/K/legacy_084_rot-5.png
test,L,roboflow:01022021042517071805_HLBU141868:01,data/processed/chars/L/01022021042517071805_HLBU141868_jpg.rf.9f0e585cd5a725060269b77958660d83__01.png
test,L,roboflow:01022021042517071805_HLBU141868:01,data/processed/chars/L/01022021042517071805_HLBU141868_jpg.rf.be87ce96d4bc66e167ac23ab35dec623__01.png
test,M,roboflow:01022021042512123505_MSKU593041:00,data/processed/chars/M/01022021042512123505_MSKU593041_jpg.rf.a0a160c379093456e7913d71d5f8f397__00.png
test,M,M:legacy_146,data/processed/chars/M/legacy_146_base.png
test,M,M:legacy_146,data/processed/chars/M/legacy_146_blur.png
test,M,M:legacy_146,data/processed/chars/M/legacy_146_dilate.png
test,M,M:legacy_146,data/processed/chars/M/legacy_146_erode.png
test,M,M:legacy_146,data/processed/chars/M/legacy_146_rot+5.png
test,M,M:legacy_146,data/processed/chars/M/legacy_146_rot-5.png
test,N,roboflow:01022021042516492903_NYKU428790:00,data/processed/chars/N/01022021042516492903_NYKU428790_jpg.rf.07259351d3b2a8de08c9009075cf0ee1__00.png
test,O,roboflow:01022021042512345505_OOCU721691:00,data/processed/chars/O/01022021042512345505_OOCU721691_jpg.rf.18c2ddd14d88434b3601c921459dd2d8__00.png
test,P,P:legacy_080,data/processed/chars/P/legacy_080_base.png
test,P,P:legacy_080,data/processed/chars/P/legacy_080_blur.png
test,P,P:legacy_080,data/processed/chars/P/legacy_080_dilate.png
test,P,P:legacy_080,data/processed/chars/P/legacy_080_erode.png
test,P,P:legacy_080,data/processed/chars/P/legacy_080_rot+5.png
test,P,P:legacy_080,data/processed/chars/P/legacy_080_rot-5.png
test,Q,Q:legacy_047,data/processed/chars/Q/legacy_047_base.png
test,Q,Q:legacy_047,data/processed/chars/Q/legacy_047_blur.png
test,Q,Q:legacy_047,data/processed/chars/Q/legacy_047_dilate.png
test,Q,Q:legacy_047,data/processed/chars/Q/legacy_047_erode.png
test,Q,Q:legacy_047,data/processed/chars/Q/legacy_047_rot+5.png
test,Q,Q:legacy_047,data/processed/chars/Q/legacy_047_rot-5.png
test,R,R:legacy_110,data/processed/chars/R/legacy_110_base.png
test,R,R:legacy_110,data/processed/chars/R/legacy_110_blur.png
test,R,R:legacy_110,data/processed/chars/R/legacy_110_dilate.png
test,R,R:legacy_110,data/processed/chars/R/legacy_110_erode.png
test,R,R:legacy_110,data/processed/chars/R/legacy_110_rot+5.png
test,R,R:legacy_110,data/processed/chars/R/legacy_110_rot-5.png
test,S,roboflow:01022021042510261305_GESU617562:02,data/processed/chars/S/01022021042510261305_GESU617562_jpg.rf.d78bebcb061acdb788831d64f6c0b705__02.png
test,S,S:legacy_030,data/processed/chars/S/legacy_030_base.png
test,S,S:legacy_030,data/processed/chars/S/legacy_030_blur.png
test,S,S:legacy_030,data/processed/chars/S/legacy_030_dilate.png
test,S,S:legacy_030,data/processed/chars/S/legacy_030_erode.png
test,S,S:legacy_030,data/processed/chars/S/legacy_030_rot+5.png
test,S,S:legacy_030,data/processed/chars/S/legacy_030_rot-5.png
test,T,T:legacy_013,data/processed/chars/T/legacy_013_base.png
test,T,T:legacy_013,data/processed/chars/T/legacy_013_blur.png
test,T,T:legacy_013,data/processed/chars/T/legacy_013_dilate.png
test,T,T:legacy_013,data/processed/chars/T/legacy_013_erode.png
test,T,T:legacy_013,data/processed/chars/T/legacy_013_rot+5.png
test,T,T:legacy_013,data/processed/chars/T/legacy_013_rot-5.png
test,U,roboflow:01012021050111264805_EMCU981331:03,data/processed/chars/U/01012021050111264805_EMCU981331_jpg.rf.a365d71980c70b9836741a1907a5e3cd__03.png
test,U,roboflow:01012021050111264805_EMCU981331:03,data/processed/chars/U/01012021050111264805_EMCU981331_jpg.rf.f78de3c40bdbc2a634bc0edc52082014__03.png
test,U,roboflow:01012021050111565605_KDU5288:02,data/processed/chars/U/01012021050111565605_KDU5288_jpg.rf.17ed8a35c62e1565729bdd6da73d0a96__02.png
test,U,roboflow:01012021050111565605_KDU5288:02,data/processed/chars/U/01012021050111565605_KDU5288_jpg.rf.1d1ff0bd6ee61e492cd7370d621895a5__02.png
test,U,roboflow:01012021050111565605_KDU5288:02,data/processed/chars/U/01012021050111565605_KDU5288_jpg.rf.6e0dc927efc776ba9be7bf2870fefc52__02.png
test,U,roboflow:01012021050111565605_KDU5288:02,data/processed/chars/U/01012021050111565605_KDU5288_jpg.rf.96325e863832db32e0510674c5f95732__02.png
test,U,roboflow:01012021050111565605_KDU5288:02,data/processed/chars/U/01012021050111565605_KDU5288_jpg.rf.d806fe5b8e155ac41f426188daabf70f__02.png
test,U,U:legacy_157,data/processed/chars/U/legacy_157_base.png
test,U,U:legacy_157,data/processed/chars/U/legacy_157_blur.png
test,U,U:legacy_157,data/processed/chars/U/legacy_157_dilate.png
test,U,U:legacy_157,data/processed/chars/U/legacy_157_erode.png
test,U,U:legacy_157,data/processed/chars/U/legacy_157_rot+5.png
test,U,U:legacy_157,data/processed/chars/U/legacy_157_rot-5.png
test,V,V:legacy_108,data/processed/chars/V/legacy_108_base.png
test,V,V:legacy_108,data/processed/chars/V/legacy_108_blur.png
test,V,V:legacy_108,data/processed/chars/V/legacy_108_dilate.png
test,V,V:legacy_108,data/processed/chars/V/legacy_108_erode.png
test,V,V:legacy_108,data/processed/chars/V/legacy_108_rot+5.png
test,V,V:legacy_108,data/processed/chars/V/legacy_108_rot-5.png
test,X,X:legacy_107,data/processed/chars/X/legacy_107_base.png
test,X,X:legacy_107,data/processed/chars/X/legacy_107_blur.png
test,X,X:legacy_107,data/processed/chars/X/legacy_107_dilate.png
test,X,X:legacy_107,data/processed/chars/X/legacy_107_erode.png
test,X,X:legacy_107,data/processed/chars/X/legacy_107_rot+5.png
test,X,X:legacy_107,data/processed/chars/X/legacy_107_rot-5.png
test,Y,roboflow:01022021042516492903_NYKU428790:01,data/processed/chars/Y/01022021042516492903_NYKU428790_jpg.rf.07259351d3b2a8de08c9009075cf0ee1__01.png
test,Z,Z:legacy_009,data/processed/chars/Z/legacy_009_base.png
test,Z,Z:legacy_009,data/processed/chars/Z/legacy_009_blur.png
test,Z,Z:legacy_009,data/processed/chars/Z/legacy_009_dilate.png
test,Z,Z:legacy_009,data/processed/chars/Z/legacy_009_erode.png
test,Z,Z:legacy_009,data/processed/chars/Z/legacy_009_rot+5.png
test,Z,Z:legacy_009,data/processed/chars/Z/legacy_009_rot-5.png
